id,app_id,name,price,description,city,year_of_building,floor,square,renovation
1,690846770,"2-–∫–æ–º–Ω–∞—Ç–Ω–∞—è –∫–≤–∞—Ä—Ç–∏—Ä–∞, 65.7 –º¬≤, 17/18 —ç—Ç–∞–∂, –ö–∞–ª–¥–∞—è–∫–æ–≤–∞ 23–ê",36 500 000„Äí,"üî•üî•üî• –ü—Ä–µ–¥—Å—Ç–∞–≤–ª—è–µ–º –≤–∞—à–µ–º—É –≤–Ω–∏–º–∞–Ω–∏—é 2—Ö-–∫–æ–º–Ω–∞—Ç–Ω—É—é –∫–≤–∞—Ä—Ç–∏—Ä—É –≤ –ñ–ö Bravo Family(–∫–æ–º—Ñ–æ—Ä—Ç+) ‚úÖ –ñ–ö Bravo Family –≤ –ê—Å—Ç–∞–Ω–µ —Ä–∞—Å–ø–æ–ª–æ–∂–µ–Ω –Ω–∞ –ø—Ä–∞–≤–æ–º –±–µ—Ä–µ–≥—É –≤ –¥–∏–Ω–∞–º–∏—á–Ω–æ —Ä–∞–∑–≤–∏–≤–∞—é—â–µ–º—Å—è —Ä–∞–π–æ–Ω–µ –ü–∏—Ä–∞–º–∏–¥—ã –ø–æ —É–ª–∏—Ü–µ –ù–∞–∂–º–∏–¥–µ–Ω–æ–≤–∞ –Ω–µ–¥–∞–ª–µ–∫–æ –æ—Ç –¥—Ä–∞–º–∞—Ç–∏—á–µ—Å–∫–æ–≥–æ —Ç–µ–∞—Ç—Ä–∞.    ‚úÖ –•–∞—Ä–∞–∫—Ç–µ—Ä–∏—Å—Ç–∏–∫–∏ –ñ–ö:  üüß –ü–∞—Ä–∫–∏–Ω–≥: –Ω–∞–∑–µ–º–Ω—ã–π, –≥–æ—Å—Ç–µ–≤–æ–π  üüß –æ—Ç–æ–ø–ª–µ–Ω–∏–µ: —Ü–µ–Ω—Ç—Ä–∞–ª—å–Ω–æ–µ  üüß–¢–µ—Ä—Ä–∏—Ç–æ—Ä–∏—è: –∑–∞–∫—Ä—ã—Ç—ã–π –¥–≤–æ—Ä, —ç–ª–µ–∫—Ç—Ä–æ–Ω–Ω–æ-–ø—Ä–æ–ø—É—Å–∫–Ω–∞—è —Å–∏—Å—Ç–µ–º–∞, –≤–∏–¥–µ–æ–Ω–∞–±–ª—é–¥–µ–Ω–∏–µ, –¥–µ—Ç—Å–∫–∞—è –ø–ª–æ—â–∞–¥–∫–∞, —Å–ø–æ—Ä—Ç–∏–≤–Ω–∞—è –ø–ª–æ—â–∞–¥–∫–∞  üüß –í—ã—Å–æ—Ç–∞: –ü–æ—Ç–æ–ª–∫–∏ (3–º), –û–∫–Ω–∞ (2.2–º) ‚úÖ –ö–≤–∞—Ä—Ç–∏—Ä–∞ —Å –Ω–æ–≤—ã–º, –æ—Ç–ª–∏—á–Ω—ã–º —Ä–µ–º–æ–Ω—Ç–æ–º, —Ö–æ—Ä–æ—à–∞—è –ø–ª–∞–Ω–∏—Ä–æ–≤–∫–∞, –∫–æ–º–Ω–∞—Ç—ã –∏–∑–æ–ª–∏—Ä–æ–≤–∞–Ω—ã, –ø–æ–ª–Ω–æ—Å—Ç—å—é –º–µ–±–ª–∏—Ä–æ–≤–∞–Ω–∞, –Ω–µ—É–≥–ª–æ–≤–∞—è    ‚úÖ –¥–æ–∫—É–º–µ–Ω—Ç—ã –≤ –ø–æ—Ä—è–¥–∫–µ, –∏–ø–æ—Ç–µ–∫—É –ø—Ä–æ—Ö–æ–¥–∏—Ç    ‚úÖ —Ç–æ—Ä–≥!    ‚úÖ –ø–∏—à–∏—Ç–µ! –∑–≤–æ–Ω–∏—Ç–µ! 24/7!",–ê—Å—Ç–∞–Ω–∞,2021,17 –∏–∑ 18,65.7 –º¬≤,—Ö–æ—Ä–æ—à–µ–µ
2,689139690,"2-–∫–æ–º–Ω–∞—Ç–Ω–∞—è –∫–≤–∞—Ä—Ç–∏—Ä–∞, 60.6 –º¬≤, 10/20 —ç—Ç–∞–∂, –ù–∞–∂–∏–º–∏–¥–µ–Ω–æ–≤–∞ 13/1",27 500 000„Äí,"–ü–ª–∞—Å—Ç–∏–∫–æ–≤—ã–µ –æ–∫–Ω–∞, —É–ª—É—á—à–µ–Ω–Ω–∞—è, –∫–æ–º–Ω–∞—Ç—ã –∏–∑–æ–ª–∏—Ä–æ–≤–∞–Ω—ã, –≤—Å—Ç—Ä–æ–µ–Ω–Ω–∞—è –∫—É—Ö–Ω—è, –Ω–æ–≤–∞—è —Å–∞–Ω—Ç–µ—Ö–Ω–∏–∫–∞, –∫–ª–∞–¥–æ–≤–∫–∞, —Å—á—ë—Ç—á–∏–∫–∏, —Ç–∏—Ö–∏–π –¥–≤–æ—Ä.–ü—Ä–æ–¥–∞–µ—Ç—Å—è 2-—Ö –∫–æ–º–Ω–∞—Ç–Ω–∞—è –ø–æ–ª–Ω–æ—Ü–µ–Ω–Ω–∞—è –∫–≤–∞—Ä—Ç–∏—Ä–∞, –¥–æ–º –∫–æ–º—Ñ–æ—Ä—Ç –∫–ª–∞—Å—Å–∞, —Å–æ —Å–≤–µ–∂–∏–º —Ä–µ–º–æ–Ω—Ç–æ–º, –≤ —Ö–æ—Ä–æ—à–µ–º –ø–µ—Ä—Å–ø–µ–∫—Ç–∏–≤–Ω–æ–º —Ä–∞–π–æ–Ω–µ !  ‚ùóÔ∏è–î–æ–∫—É–º–µ–Ω—Ç—ã –≤ –ø–æ—Ä—è–¥–∫–µ, –º–æ–∂–Ω–æ –ø–æ–¥ –∏–ø–æ—Ç–µ–∫—É ‚ùóÔ∏è  ‚ùóÔ∏è –ü–æ–±–ª–∏–∑–æ—Å—Ç–∏ –∏–º–µ–µ—Ç—Å—è –Ω–µ—Å–∫–æ–ª—å–∫–æ –º–∞–≥–∞–∑–∏–Ω–æ–≤, –ø—Ä–æ–¥—É–∫—Ç–æ–≤—ã–π —Å—É–ø–µ—Ä–º–∞—Ä–∫–µ—Ç, –∫–∞—Ñ–µ –∏ —Ä–µ—Å—Ç–æ—Ä–∞–Ω—ã, –¥–µ—Ç—Å–∫–∏–π —Å–∞–¥ ¬´–ï—Ä–∫–µ–Ω–∞–∑¬ª, –º–µ–¥–∏—Ü–∏–Ω—Å–∫–∏–π —Ü–µ–Ω—Ç—Ä. –í —Ä–∞–¥–∏—É—Å–µ –∫–∏–ª–æ–º–µ—Ç—Ä–∞ –Ω–∞—Ö–æ–¥–∏—Ç—Å—è —à–∫–æ–ª–∞-–≥–∏–º–Ω–∞–∑–∏—è ‚Ññ86, —Å–ø–µ—Ü–∏–∞–ª–∏–∑–∏—Ä–æ–≤–∞–Ω–Ω–∞—è –±–æ–ª—å–Ω–∏—Ü–∞ Astana Medical Center, –∞–ø—Ç–µ–∫–∏ –∏ –±–∞–Ω–∫–æ–≤—Å–∫–∏–µ –æ—Ç–¥–µ–ª–µ–Ω–∏—è.  ‚ùóÔ∏è–í –¥–µ—Å—è—Ç–∏ –º–∏–Ω—É—Ç–∞—Ö –µ–∑–¥—ã –Ω–∞ –∞–≤—Ç–æ–º–æ–±–∏–ª–µ —Ä–∞—Å–ø–æ–ª–æ–∂–µ–Ω—ã —Å—Ç–æ–º–∞—Ç–æ–ª–æ–≥–∏—á–µ—Å–∫–∏–µ –∫–ª–∏–Ω–∏–∫–∏, —Å–∞–ª–æ–Ω—ã –∫—Ä–∞—Å–æ—Ç—ã, —Ç–æ—Ä–≥–æ–≤–æ-—Ä–∞–∑–≤–ª–µ–∫–∞—Ç–µ–ª—å–Ω—ã–π —Ü–µ–Ω—Ç—Ä ¬´–ê–±—É-–î–∞–±–∏ –ü–ª–∞–∑–∞¬ª, —Å—É—à–∏-–±–∞—Ä, –∑–∞–≤–µ–¥–µ–Ω–∏—è –±—ã—Å—Ç—Ä–æ–≥–æ –ø–∏—Ç–∞–Ω–∏—è, –±–∞—Ä—ã, –¢–†–¶ ¬´–ö–µ—Ä—É–µ–Ω¬ª, —Ü–µ–Ω—Ç—Ä–∞–ª—å–Ω—ã–π –∫–æ–Ω—Ü–µ—Ä—Ç–Ω—ã–π –∑–∞–ª Qazaqstan.  ‚ùóÔ∏è–°—Ä–µ–¥–∏ –º–Ω–æ–≥–æ—á–∏—Å–ª–µ–Ω–Ω—ã—Ö –ø—Ä–µ–∏–º—É—â–µ—Å—Ç–≤ –ñ–ö —Å—Ç–æ–∏—Ç –æ—Ç–º–µ—Ç–∏—Ç—å —É–¥–æ–±–Ω—É—é —Ç—Ä–∞–Ω—Å–ø–æ—Ä—Ç–Ω—É—é –¥–æ—Å—Ç—É–ø–Ω–æ—Å—Ç—å. –î–æ –±–ª–∏–∂–∞–π—à–µ–π –æ—Å—Ç–∞–Ω–æ–≤–∫–∏ 150 –º–µ—Ç—Ä–æ–≤ ‚Äì –ø–æ —É–ª–∏—Ü–µ –ñ. –ù–∞–∂–∏–º–µ–¥–µ–Ω–æ–≤–∞ –∫—É—Ä—Å–∏—Ä—É—é—Ç –∞–≤—Ç–æ–±—É—Å—ã ‚Ññ14 –∏ ‚Ññ50. –ú–∏–Ω–∏–º–∞–ª—å–Ω—ã–π –∏–Ω—Ç–µ—Ä–≤–∞–ª –¥–≤–∏–∂–µ–Ω–∏—è —Å–æ—Å—Ç–∞–≤–ª—è–µ—Ç –¥–µ—Å—è—Ç—å –º–∏–Ω—É—Ç.    –ù–∞ —Ä–∞—Å—Å—Ç–æ—è–Ω–∏–∏ –¥–≤—É—Ö –∫–∏–ª–æ–º–µ—Ç—Ä–æ–≤ –Ω–∞—Ö–æ–¥–∏—Ç—Å—è –∂–µ–ª–µ–∑–Ω–æ–¥–æ—Ä–æ–∂–Ω—ã–π –≤–æ–∫–∑–∞–ª ¬´–ù—É—Ä–ª—ã –ñ–æ–ª¬ª, –∞ –¥–æ –∞–≤—Ç–æ–≤–æ–∫–∑–∞–ª–∞ ¬´–°–∞–ø–∞—Ä–∂–∞–π¬ª –º–æ–∂–Ω–æ –¥–æ–µ—Ö–∞—Ç—å –Ω–∞ –∞–≤—Ç–æ–±—É—Å–µ –±–µ–∑ –ø–µ—Ä–µ—Å–∞–¥–æ–∫ –ø—Ä–∏–º–µ—Ä–Ω–æ –∑–∞ —á–∞—Å. –ü–æ–µ–∑–¥–∫–∞ –Ω–∞ –º–∞—à–∏–Ω–µ –¥–æ –º–µ–∂–¥—É–Ω–∞—Ä–æ–¥–Ω–æ–≥–æ –∞—ç—Ä–æ–ø–æ—Ä—Ç–∞ ¬´–ù—É—Ä—Å—É–ª—Ç–∞–Ω –ù–∞–∑–∞—Ä–±–∞–µ–≤¬ª –∑–∞–π–º–µ—Ç –ø–æ–ª—á–∞—Å–∞.",–ê—Å—Ç–∞–Ω–∞,2022,10 –∏–∑ 20,60.6 –º¬≤,—Ö–æ—Ä–æ—à–µ–µ
3,688954508,"3-–∫–æ–º–Ω–∞—Ç–Ω–∞—è –∫–≤–∞—Ä—Ç–∏—Ä–∞, 80 –º¬≤, 10/11 —ç—Ç–∞–∂, –ï-435 4 ‚Äî –ì–∏–º–Ω–∞–∑–∏—è #90",32 000 000„Äí,"–ü–ª–∞—Å—Ç–∏–∫–æ–≤—ã–µ –æ–∫–Ω–∞, –Ω–µ—É–≥–ª–æ–≤–∞—è, –Ω–æ–≤–∞—è —Å–∞–Ω—Ç–µ—Ö–Ω–∏–∫–∞, —Ç–∏—Ö–∏–π –¥–≤–æ—Ä.–≠–∫—Å–∫–ª—é–∑–∏–≤–Ω–æ–µ –ü—Ä–µ–¥–ª–æ–∂–µ–Ω–∏–µ!  ‚Ä¢–ì–æ—Ä—è—á–∞—è —Ü–µ–Ω–∞ –¥–ª—è –õ–µ–≤–æ–≥–æ –ë–µ—Ä–µ–≥–∞!  3 –∫–æ–º–Ω–∞—Ç–Ω–∞—è –∫–≤–∞—Ä—Ç–∏—Ä–∞ –≤ —Ä–∞–∑–≤–∏—Ç–æ–º —Ä–∞–π–æ–Ω–µ –õ–µ–≤–æ–≥–æ  –ë–µ—Ä–µ–≥–∞!  ‚Ä∫ –ñ–ö ALATAU CITY –î–æ–º –ö–æ–º—Ñ–æ—Ä—Ç –∫–ª–∞—Å—Å–∞, ‚Ä¢ –ó–∞–∫—Ä—ã—Ç—ã–π –î–≤–æ—Ä, –î–æ–º –Ω–∞ –ø–∞–Ω–¥—É—Å–µ (–±–µ–∑–æ–ø–∞—Å–Ω–æ—Å—Ç—å –≤–∞—à–∏—Ö –¥–µ—Ç–µ–π), –≤ –¥–æ–º–µ –∏–º–µ–µ—Ç—Å—è –ø–∞—Ä–∫–∏–Ω–≥, –ë–æ–ª—å—à–∞—è –¥–µ—Ç—Å–∫–∞—è –ø–ª–æ—â–∞–¥–∫–∞.  –í –¥–æ–º–µ 4 –ø–æ–¥—å–µ–∑–¥–∞, –ü—Ä–æ–ø—É—Å–∫–Ω–∞—è —Å–∏—Å—Ç–µ–º–∞ face ID, –≤—Ö–æ–¥–Ω–∞—è –¥–≤–µ—Ä—å –æ–±–æ—Ä—É–¥–æ–≤–∞–Ω–∞ —ç–ª–µ–∫—Ç—Ä–æ–Ω–Ω—ã–º –∑–∞–º–∫–æ–º.  ‚Ä¢ –í–æ –¥–≤–æ—Ä–µ —à–∫–æ–ª—ã, —Å–∞–¥—ã  –ü–æ –≤—Å–µ–º –≤–æ–ø—Ä–æ—Å–∞–º –ø–∏—à–∏—Ç–µ/–∑–≤–æ–Ω–∏—Ç–µ –≤ –ª—é–±–æ–µ –≤—Ä–µ–º—è",–ê—Å—Ç–∞–Ω–∞,2022,10 –∏–∑ 11,80 –º¬≤,—Å—Ä–µ–¥–Ω–µ–µ
4,676014961,"4-–∫–æ–º–Ω–∞—Ç–Ω–∞—è –∫–≤–∞—Ä—Ç–∏—Ä–∞, 90.2 –º¬≤, –ê–Ω–µ—Ç –±–∞–±–∞ 11",48 000 000„Äí,"–°—á—ë—Ç—á–∏–∫–∏, –∫–æ–Ω–¥–∏—Ü–∏–æ–Ω–µ—Ä, –≤—Å—Ç—Ä–æ–µ–Ω–Ω–∞—è –∫—É—Ö–Ω—è, —Ç–∏—Ö–∏–π –¥–≤–æ—Ä, –Ω–æ–≤–∞—è —Å–∞–Ω—Ç–µ—Ö–Ω–∏–∫–∞, –ø–ª–∞—Å—Ç–∏–∫–æ–≤—ã–µ –æ–∫–Ω–∞, –∫–æ–º–Ω–∞—Ç—ã –∏–∑–æ–ª–∏—Ä–æ–≤–∞–Ω—ã.–°–†–û–ß–ù–û!  –¶–µ–Ω–∞ –∞–∫—Ç—É–∞–ª—å–Ω–∞ –¥–æ 7 —Ñ–µ–≤—Ä–∞–ª—è!   —Å–≤–µ—Ç–ª–∞—è, –ø—Ä–æ—Å—Ç–æ—Ä–Ω–∞—è 4-—Ö –∫–æ–º–Ω–∞—Ç–Ω–∞—è –∫–≤–∞—Ä—Ç–∏—Ä–∞ –≤ —Ä–∞–π–æ–Ω–µ –•–∞–Ω-–®–∞—Ç—ã—Ä.  –î–µ—Ç—Å–∫–∏–π —Å–∞–¥—ã, —à–∫–æ–ª—ã, –æ–±—Ä–∞–∑–æ–≤–∞—Ç–µ–ª—å–Ω—ã–µ —Ü–µ–Ω—Ç—Ä—ã –≤ —à–∞–≥–æ–≤–æ–π –¥–æ—Å—Ç—É–ø–Ω–æ—Å—Ç–∏. –ü—Ä–æ—Å—Ç–æ—Ä–Ω–∞—è –∫–≤–∞—Ä—Ç–∏—Ä–∞ —Å –∫–∞—á–µ—Å—Ç–≤–µ–Ω–Ω—ã–º —Ä–µ–º–æ–Ω—Ç–æ–º.  –í–æ –¥–≤–æ—Ä–µ –∏–º–µ–µ—Ç—Å—è –æ–≥—Ä–æ–º–Ω–∞—è –∏–≥—Ä–æ–≤–∞—è –ø–ª–æ—â–∞–¥–∫–∞. –û—Ç–ª–∏—á–Ω–æ–µ —à—É–º–æ–ø–æ–¥–∞–≤–ª–µ–Ω–∏—è, –¥–æ–º –æ—á–µ–Ω—å —Ç–µ–ø–ª—ã–π, –∏–º–µ–µ—Ç—Å—è –≤–∏–¥–µ–æ–Ω–∞–±–ª—é–¥–µ–Ω–∏—è.  –í—ã—Å–æ—Ç–∞ –ø–æ—Ç–æ–ª–∫–æ–≤ 3 –º–µ—Ç—Ä–∞. –ò–º–µ–µ—Ç—Å—è 2 –±–æ–ª—å—à–∏—Ö –±–∞–ª–∫–æ–Ω–∞.  –ü–æ–ª–∏–∫–ª–∏–Ω–∏–∫–∞ –≤ 5 –º–∏–Ω—É—Ç–∞—Ö, 2 –º–∞–≥–∞–∑–∏–Ω–∞ –∏ —Å–∞–¥–∏–∫ –Ω–∞—Ö–æ–¥—è—Ç—Å—è –≤ –¥–æ–º–µ.  –†–∏–µ–ª—Ç–æ—Ä–æ–≤ –ø—Ä–æ—à—É –Ω–µ –±–µ—Å–ø–æ–∫–æ–∏—Ç—å.",–ê—Å—Ç–∞–Ω–∞,2020,10,90.2 –º¬≤,—Ö–æ—Ä–æ—à–µ–µ
5,687940377,"2-–∫–æ–º–Ω–∞—Ç–Ω–∞—è –∫–≤–∞—Ä—Ç–∏—Ä–∞, 45 –º¬≤, 4/10 —ç—Ç–∞–∂, 23-–∞—è —É–ª–∏—Ü–∞ 7 —Å—Ç—Ä",27 500 000„Äí,,–ê—Å—Ç–∞–Ω–∞,2019,4 –∏–∑ 10,45 –º¬≤,
6,690696820,"1-–∫–æ–º–Ω–∞—Ç–Ω–∞—è –∫–≤–∞—Ä—Ç–∏—Ä–∞, 44.2 –º¬≤, 12/16 —ç—Ç–∞–∂, –¢–∞—É–µ–ª—Å–∏–∑–¥–∏–∫ 31/3 ‚Äî –ê—Å—Ç–∞–Ω–∞ –º–æ–ª–ª",19 499 999„Äí,"–ü—Ä–æ–¥–∞–µ—Ç—Å—è 1-–∫–æ–º–Ω–∞—Ç–Ω–∞—è –∫–≤–∞—Ä—Ç–∏—Ä–∞.  –†–∞—Å–ø–æ–ª–æ–∂–µ–Ω–∏–µ :  –ù–∞—Ö–æ–¥—è—â–µ–º –≤ –ñ–ö Akbulak Comfort, –æ–±—â–µ–π –ø–ª–æ—â–∞–¥—å—é 44.4 –∫–≤. –º  –ö–≤–∞—Ä—Ç–∏—Ä–∞ –Ω–∞—Ö–æ–¥–∏—Ç—å—Å—è –Ω–∞ 12 –∏–∑ 16 —ç—Ç–∞–∂–Ω–æ–º –¥–æ–º–µ.  –ü—Ä–µ–∏–º—É—â–µ—Å—Ç–≤–∞ :  –û—á–µ–Ω—å –ø—Ä–∏—è—Ç–Ω—ã–π –º–∏–∫—Ä–æ–∫–ª–∏–º–∞—Ç. –õ–µ—Ç–æ–º –ø—Ä–æ—Ö–ª–∞–¥–Ω–æ, –∞ –∑–∏–º–æ–π –æ—á–µ–Ω—å —Ç–µ–ø–ª–æ.  –ò–º–µ–µ—Ç—Å—è: 1 –±–∞–ª–∫–æ–Ω, 1 —Å–∞–Ω—É–∑–µ–ª, 1 –∑–∞–ª, 1 –∫—É—Ö–Ω—è  –ú–æ–∂–Ω–æ –ø–æ–¥ –∏–ø–æ—Ç–µ–∫—É.  –ò–Ω—Ñ—Ä–∞—Å—Ç—Ä—É–∫—Ç—É—Ä–∞ :  –†–∞–∑–≤–∏—Ç–∞—è –∏–Ω—Ñ—Ä–∞—Å—Ç—Ä—É–∫—Ç—É—Ä–∞ –¥–∞–µ—Ç –≤–æ–∑–º–æ–∂–Ω–æ—Å—Ç—å –¥–ª—è –í–∞—à–µ–≥–æ –∫–æ–º—Ñ–æ—Ä—Ç–Ω–∞—è –ø—Ä–æ–∂–∏–≤–∞–Ω–∏–µ.  –ü–æ–±–ª–∏–∑–æ—Å—Ç–∏ —Ä–∞—Å–ø–æ–ª–æ–∂–µ–Ω–∏–µ -–î–≤–æ—Ä–µ—Ü —à–∫–æ–ª—å–Ω–∏–∫–æ–≤ –∏–º –ê–ª—å-–§–∞—Ä–∞–±–∏, –∫–∞–∑–∞—Ö—Å–∫–∞—è —Ñ–µ–¥–µ—Ä–∞—Ü–∏—è —Ñ—É—Ç–±–æ–ª–∞, Astana Mall, —à–∫–æ–ª–∞ –ª–∏—Ü–µ–π 70",–ê—Å—Ç–∞–Ω–∞,2023,12 –∏–∑ 16,44.2 –º¬≤,—á–µ—Ä–Ω–æ–≤–∞—è –æ—Ç–¥–µ–ª–∫–∞
7,689640201,"1-–∫–æ–º–Ω–∞—Ç–Ω–∞—è –∫–≤–∞—Ä—Ç–∏—Ä–∞, 39 –º¬≤, 9/11 —ç—Ç–∞–∂, –ï-102 11/1 ‚Äî –ë–∞–≥–ª–∞–Ω–æ–≤–∞",22 000 000„Äí,"–ü—Ä–æ–¥–∞—ë—Ç—Å—è —à–∏–∫–∞—Ä–Ω–∞—è –ø–æ–ª–Ω–æ—Ü–µ–Ω–Ω–∞—è —Ç–µ–ø–ª–∞—è 1 –∫–æ–º–Ω–∞—Ç–Ω–∞—è –∫–≤–∞—Ä—Ç–∏—Ä–∞, —Å –æ—Ç–ª–∏—á–Ω—ã–º —Ä–µ–º–æ–Ω—Ç–æ–º. –°–≤–µ—Ç–ª–∞—è –∏ –æ—á–µ–Ω—å —Ç–µ–ø–ª–∞—è –∫–≤–∞—Ä—Ç–∏—Ä–∞. –†–µ–º–æ–Ω—Ç –¥–µ–ª–∞–ª–∏ –¥–ª—è —Å–µ–±—è. –ú–µ–±–ª–∏—Ä–æ–≤–∞–Ω–∞. –í—Å—è —Å–∞–Ω—Ç–µ—Ö–Ω–∏–∫–∞ –ø—Ä–æ–∏–∑–≤–æ–¥—Å—Ç–≤–∞ –ï–≤—Ä–æ–ø—ã. –í –ñ–ö –ª–∏—Ñ—Ç—ã –∫–æ—Ä–µ–π—Å–∫–æ–≥–æ –ø—Ä–æ–∏–∑–≤–æ–¥—Å—Ç–≤–∞. –ë–æ–ª—å—à–∏–º –ø—Ä–µ–∏–º—É—â–µ—Å—Ç–≤–æ–º –ñ–ö —è–≤–ª—è–µ—Ç—Å—è –ª–æ–∫–∞—Ü–∏—è –æ–±—ä–µ–∫—Ç–∞. –†—è–¥–æ–º –Ω–∞—Ö–æ–¥—è—Ç—Å—è —Å–ø–æ—Ä—Ç–∏–≤–Ω—ã–µ –∫–æ–º–ø–ª–µ–∫—Å—ã ¬´–ë–∞—Ä—ã—Å-–ê—Ä–µ–Ω–∞¬ª, ¬´–ê—Å—Ç–∞–Ω–∞-–ê—Ä–µ–Ω–∞¬ª, –∞ —Ç–∞–∫–∂–µ –≥–∏–ø–µ—Ä–º–∞—Ä–∫–µ—Ç Magnum, –≤–µ–ª–æ—Ç—Ä–µ–∫ ‚Äú–°–∞—Ä—ã–∞—Ä–∫–∞‚Äù, –ª–µ–¥–æ–≤—ã–π –¥–≤–æ—Ä–µ—Ü ‚Äú–ê–ª–∞—É‚Äù, –¥–≤–æ—Ä–µ—Ü –µ–¥–∏–Ω–æ–±–æ—Ä—Å—Ç–≤ ‚Äú–ñ–µ–∫–ø–µ-–ñ–µ–∫‚Äù. –í —Ä–∞–π–æ–Ω–µ —Ç–∞–∫–∂–µ —Ä–∞—Å–ø–æ–ª–æ–∂–µ–Ω–æ –º–Ω–æ–∂–µ—Å—Ç–≤–æ –º–µ–¥–∏—Ü–∏–Ω—Å–∫–∏—Ö —Ü–µ–Ω—Ç—Ä–æ–≤. –ö –∂–∏–ª–æ–º—É —Ä–∞–π–æ–Ω—É –ø—Ä–æ–ª–æ–∂–µ–Ω–∞ —à–∏—Ä–æ–∫–∞—è, —Ä–æ–≤–Ω–∞—è, —É–¥–æ–±–Ω–∞—è –ø–æ–¥—ä–µ–∑–¥–Ω–∞—è –¥–æ—Ä–æ–≥–∞. –£—Å–ø–µ–π—Ç–µ –∫—É–ø–∏—Ç—å –∫–≤–∞—Ä—Ç–∏—Ä—É –ø–æ –æ—á–µ–Ω—å —É–¥–æ–±–Ω–æ–π —Ü–µ–Ω–µüëå",–ê—Å—Ç–∞–Ω–∞,2018,9 –∏–∑ 11,39 –º¬≤,—Ö–æ—Ä–æ—à–µ–µ
8,687702354,"2-–∫–æ–º–Ω–∞—Ç–Ω–∞—è –∫–≤–∞—Ä—Ç–∏—Ä–∞, 46 –º¬≤, 4/20 —ç—Ç–∞–∂, –ö–∞–±–∞–Ω–±–∞–π –±–∞—Ç—ã—Ä–∞ 51 ‚Äî –ö–∞–±–∞–Ω–±–∞–π –±–∞—Ç—ã—Ä–∞",26 000 000„Äí,"–ü–ª–∞—Å—Ç–∏–∫–æ–≤—ã–µ –æ–∫–Ω–∞, –Ω–µ—É–≥–ª–æ–≤–∞—è, —É–ª—É—á—à–µ–Ω–Ω–∞—è, –∫–æ–º–Ω–∞—Ç—ã –∏–∑–æ–ª–∏—Ä–æ–≤–∞–Ω—ã, –∫—É—Ö–Ω—è-—Å—Ç—É–¥–∏—è, –Ω–æ–≤–∞—è —Å–∞–Ω—Ç–µ—Ö–Ω–∏–∫–∞, —Å—á—ë—Ç—á–∏–∫–∏, —Ç–∏—Ö–∏–π –¥–≤–æ—Ä.–ü—Ä–æ–¥–∞–µ—Ç—Å—è –∫–≤–∞—Ä—Ç–∏—Ä–∞ –≤ –∂–∫ Galamat Towers  üíØ –ü—Ä–µ–∏–º—É—â–µ—Å—Ç–≤–∞ –∫–≤–∞—Ä—Ç–∏—Ä—ã üíØ   ‚ñ™Ô∏è–î–æ–º –ø–æ–ª–Ω–æ—Å—Ç—å—é –Ω–æ–≤—ã–π   ‚ñ™Ô∏è–ü–æ–¥—ä–µ–∑–¥—ã —á–∏—Å—Ç—ã–µ, —Å–≤–µ—Ç–ª—ã–µ   ‚ñ™Ô∏è–ò–º–µ–µ—Ç –±–æ–ª—å—à–∏–µ –∫–æ–º–Ω–∞—Ç—ã   ‚ñ™Ô∏è–ü–æ–ª–Ω–æ—Å—Ç—å—é –º–µ–±–ª–∏—Ä–æ–≤–∞–Ω–∞   ‚ñ™Ô∏è–û—Ç–ª–∏—á–Ω–∞—è –∞—É—Ä–∞ –≤ –∫–≤–∞—Ä—Ç–∏—Ä–µ   ‚ñ™Ô∏è–ü–æ—Ç–æ–ª–∫–∏ 3–º   üè®üè™üè©üèõ –í –Ω–µ–ø–æ—Å—Ä–µ–¥—Å—Ç–≤–µ–Ω–Ω–æ–π –±–ª–∏–∑–æ—Å—Ç–∏ –Ω–∞—Ö–æ–¥–∏—Ç—Å—è   ‚ñ™Ô∏è–®–∫–æ–ª–∞ ALPAMYS –∏ —à–∫–æ–ª–∞ ‚Ññ85   ‚ñ™Ô∏è–°—É–ø–µ—Ä–º–∞—Ä–∫–µ—Ç Small   ‚ñ™Ô∏è–†–µ—Å—Ç–æ—Ä–∞–Ω—ã –∏ —Å–µ—Ç–∏ –∫–∞—Ñ–µ Salam Bro, Wok Lagman, Ctr Chicken   ‚ñ™Ô∏è–ö—Ä—É–ø–Ω—ã–π –¢–†–¶ Mega Silkway   ‚ñ™Ô∏è–£–Ω–∏–≤–µ—Ä—Å–∏—Ç–µ—Ç Nazarbaev University   üè†–í–æ –¥–≤–æ—Ä–µ –º–Ω–æ–≥–æ –¥–µ—Ç—Å–∫–∏—Ö –ø–ª–æ—â–∞–¥–æ–∫ –¥–ª—è –¥–µ—Ç–µ–π.  –¢–æ—Ä–≥ –∑–∞ –Ω–∞–ª–∏—á–Ω—ã–π —Ä–∞—Å—á–µ—Ç –∏–º–µ–µ—Ç—Å—è.",–ê—Å—Ç–∞–Ω–∞,2020,4 –∏–∑ 20,46 –º¬≤,—Ö–æ—Ä–æ—à–µ–µ
9,690332483,"3-–∫–æ–º–Ω–∞—Ç–Ω–∞—è –∫–≤–∞—Ä—Ç–∏—Ä–∞, 105 –º¬≤, 9/12 —ç—Ç–∞–∂, –ö–µ—Ä–µ–π-–ñ–∞–Ω–∏–±–µ–∫ —Ö–∞–Ω–¥–∞—Ä 50 ‚Äî –ê–ª—å-–§–∞—Ä–∞–±–∏",81 000 000„Äí,"–¢–æ—Ä–≥. –í–æ–∑–º–æ–∂–µ–Ω –æ–±–º–µ–Ω –Ω–∞ 4, 5 –∫–æ–º–Ω–∞—Ç–Ω—É—é —Å –Ω–∞—à–µ–π –¥–æ–ø–ª–∞—Ç–æ–π.",–ê—Å—Ç–∞–Ω–∞,2021,9 –∏–∑ 12,105 –º¬≤,
10,690397305,"1-–∫–æ–º–Ω–∞—Ç–Ω–∞—è –∫–≤–∞—Ä—Ç–∏—Ä–∞, 45 –º¬≤, 20/23 —ç—Ç–∞–∂, –¢—É—Ä–∞–Ω",20 400 000„Äí,–°—Ä–æ—á–Ω–∞—è –ø—Ä–æ–¥–∞–∂–∞!,–ê—Å—Ç–∞–Ω–∞,2015,20 –∏–∑ 23,45 –º¬≤,—Ö–æ—Ä–æ—à–µ–µ
11,690633437,"2-–∫–æ–º–Ω–∞—Ç–Ω–∞—è –∫–≤–∞—Ä—Ç–∏—Ä–∞, 60 –º¬≤, 5/14 —ç—Ç–∞–∂, –ê–±–∞—è 63 ‚Äî –ê–±–∞—è - –£–∞–ª–∏—Ö–∞–Ω–æ–≤–∞ (—Ä–∞–π–æ–Ω –ñ–∞–Ω–Ω—É—Ä–∞, –ê—Ä—Ç—ë–º–∞)",25 300 000„Äí,"–£–¥–æ–±–Ω–æ –ø–æ–¥ –∫–æ–º–º–µ—Ä—Ü–∏—é, –Ω–µ—É–≥–ª–æ–≤–∞—è, —Ç–∏—Ö–∏–π –¥–≤–æ—Ä.–ü—Ä–æ–¥–∞–º –µ–≤—Ä–æ-–¥–≤—É—à–∫—É.  –ó–æ–ª–æ—Ç–æ–π –∫–≤–∞–¥—Ä–∞—Ç –ø—Ä–∞–≤–æ–≥–æ –±–µ—Ä–µ–≥–∞, —Ö–æ—Ä–æ—à–∞—è –ª–æ–∫–∞—Ü–∏—è, –≤—Å—ë –≤ –ø–µ—à–µ–π –¥–æ—Å—Ç—É–ø–Ω–æ—Å—Ç–∏. –ö–≤–∞—Ä—Ç–∏—Ä–∞ —Ç—ë–ø–ª–∞—è, —Å–≤–µ—Ç–ª–∞—è –∏ —É—é—Ç–Ω–∞—è. –•–æ—Ä–æ—à–∏–π –¥–≤–æ—Ä, –Ω–æ–≤—ã–µ —Å–ø–æ—Ä—Ç–∏–≤–Ω—ã–µ –∏–Ω–≤–µ–Ω—Ç–∞—Ä–∏ –î–æ–∫—É–º–µ–Ω—Ç—ã –Ω–∞ —Ä—É–∫–∞—Ö",–ê—Å—Ç–∞–Ω–∞–ø–æ–∫–∞–∑–∞—Ç—å –Ω–∞ –∫–∞—Ä—Ç–µ,2007,5 –∏–∑ 14,60 –º¬≤,
12,690683856,"2-–∫–æ–º–Ω–∞—Ç–Ω–∞—è –∫–≤–∞—Ä—Ç–∏—Ä–∞, 41 –º¬≤, 5/9 —ç—Ç–∞–∂, –°—ã–≥–∞–Ω–∞–∫ 53 ‚Äî –°—ã“ì–∞–Ω–∞“õ-–¢“±—Ä–∞–Ω",23 600 000„Äí,"–ï–≤—Ä–æ–¥–≤—É—à–∫–∞. –ö–∏—Ä–ø–∏—á–Ω—ã–π —Ç–µ–ø–ª—ã–π –¥–æ–º. –û—Ç–ª–∏—á–Ω–∞—è –ª–æ–∫–∞—Ü–∏—è, —Ä—è–¥–æ–º –•–∞–Ω —à–∞—Ç—ã—Ä, –ó–µ–ª–µ–Ω—ã–π –∫–≤–∞—Ä—Ç–∞–ª, –¥–≤–µ —à–∫–æ–ª—ã –ë–∏–Ω–æ–º, –Ω–∞ –ø–ª–æ—â–∞–¥–∫–µ –≤—Å–µ–≥–æ 3 –∫–≤–∞—Ä—Ç–∏—Ä—ã! –ú–µ–±–µ–ª—å, —Ç–µ—Ö–Ω–∏–∫–∞. –í—Å–µ –æ—Å—Ç–∞–µ—Ç—Å—è, –∑–∞–µ–∑–∂–∞–π –∏ –∂–∏–≤–∏!",–ê—Å—Ç–∞–Ω–∞,2019,5 –∏–∑ 9,41 –º¬≤,
13,678697965,"3-–∫–æ–º–Ω–∞—Ç–Ω–∞—è –∫–≤–∞—Ä—Ç–∏—Ä–∞, 110 –º¬≤, 7/14 —ç—Ç–∞–∂, –¢–∞—Ä–∞—Å–∞ –®–µ–≤—á–µ–Ω–∫–æ 8",52 000 000„Äí,–í–æ–∑–º–æ–∂–µ–Ω —Ç–æ—Ä–≥,–ê—Å—Ç–∞–Ω–∞,2008,7 –∏–∑ 14,110 –º¬≤,—Ö–æ—Ä–æ—à–µ–µ
14,683287314,"1-–∫–æ–º–Ω–∞—Ç–Ω–∞—è –∫–≤–∞—Ä—Ç–∏—Ä–∞, 46 –º¬≤, 7/9 —ç—Ç–∞–∂, –ï-102 (–ö–∞–∑—ã–±–µ–∫ –±–∏)",21 400 000„Äí,"–ü–ª–∞—Å—Ç–∏–∫–æ–≤—ã–µ –æ–∫–Ω–∞, –∫—É—Ö–Ω—è-—Å—Ç—É–¥–∏—è, –Ω–µ—É–≥–ª–æ–≤–∞—è, —Ç–∏—Ö–∏–π –¥–≤–æ—Ä, –Ω–æ–≤–∞—è —Å–∞–Ω—Ç–µ—Ö–Ω–∏–∫–∞, —Å—á—ë—Ç—á–∏–∫–∏, –∫–æ–º–Ω–∞—Ç—ã –∏–∑–æ–ª–∏—Ä–æ–≤–∞–Ω—ã.–ö–≤–∞—Ä—Ç–∏—Ä–∞ –ø–æ–ª–Ω–æ—Å—Ç—å—é –º–µ–±–ª–∏—Ä–æ–≤–∞–Ω–∞, –∏–º–µ–µ—Ç—Å—è –≤—Å—è –Ω–µ–æ–±—Ö–æ–¥–∏–º–∞—è –±—ã—Ç–æ–≤–∞—è —Ç–µ—Ö–Ω–∏–∫–∞. –£—Å—Ç–∞–Ω–æ–≤–ª–µ–Ω –≤—ã—Å–æ–∫–æ—Å–∫–æ—Ä–æ—Å—Ç–Ω–æ–π –∏–Ω—Ç–µ—Ä–Ω–µ—Ç.    –ö–≤–∞—Ä—Ç–∏—Ä–∞ 46, 5 –∫–≤–∞–¥—Ä–∞—Ç–Ω—ã—Ö –º–µ—Ç—Ä–æ–≤ - –∞–±—Å–æ–ª—é—Ç–Ω–æ –Ω–æ–≤–∞—è, —Ä–µ–º–æ–Ω—Ç –∑–∞–≤–µ—Ä—à–µ–Ω –≤ –≤ –æ–∫—Ç—è–±—Ä–µ.    –ñ–ö –ê–∫–¥–∏–¥–∞—Ä (–∑–∞—Å—Ç—Ä–æ–π—â–∏–∫ –ë–∞–∑–∏—Å-–ê) - –∫–æ–º—Ñ–æ—Ä—Ç –∫–ª–∞—Å—Å–∞, —Ç–∏—Ö–∏–π —Å–ø–∞–ª—å–Ω—ã–π —Ä–∞–π–æ–Ω. –í–æ –¥–≤–æ—Ä–µ –¥–µ—Ç—Å–∫–∞—è –ø–ª–æ—â–∞–¥–∫–∞, –æ–≥—Ä–∞–∂–¥–µ–Ω–∏–µ —à–ª–∞–≥–±–∞—É–º–æ–º.    –†–∞–∑–≤–∏—Ç–∞—è –∏–Ω—Ñ—Ä–∞—Å—Ç—Ä—É–∫—Ç—É—Ä–∞:  1. –ú–∞–≥–Ω—É–º, –°–º–æ–ª–ª  2. –ë–∞—Ä—ã—Å –∏ –ê—Å—Ç–∞–Ω–∞ –ê—Ä–µ–Ω–∞  3. –®–∫–æ–ª–∞ –ë–∏–Ω–æ–º –∏ –¥–µ—Ç—Å–∫–∏–µ —Å–∞–¥—ã.    –®–∏–∫–∞—Ä–Ω—ã–π –∑–∞–∫–∞—Ç - –∑–∞—Ö–æ–¥–∏ –∏ –∂–∏–≤–∏!  —Ç–æ—Ä–≥ —Ä–µ–∞–ª—å–Ω–æ–º—É –ø–æ–∫—É–ø–∞—Ç–µ–ª—é.",–ê—Å—Ç–∞–Ω–∞,2023,7 –∏–∑ 9,46 –º¬≤,—Ö–æ—Ä–æ—à–µ–µ
15,682757549,"2-–∫–æ–º–Ω–∞—Ç–Ω–∞—è –∫–≤–∞—Ä—Ç–∏—Ä–∞, 67 –º¬≤, 5/12 —ç—Ç–∞–∂, –ï-15 9–ê",18 500 000„Äí,"üî•–°–£–ü–ï–† –ü–†–ï–î–õ–û–ñ–ï–ù–ò–ôüî•  ‚ùó–ò–ü–û–¢–ï–ö–ò –ù–ï–¢ –î–î–£ —Ç–æ–ª—å–∫–æ –ù–ê–õ–ò–ß–ù–´–ô –†–ê–°–ß–ï–¢‚ùó  üíé–£—Å–ø–µ–π—Ç–µ –ø—Ä–∏–æ–±—Ä–µ—Å—Ç–∏, –∫–≤–∞—Ä—Ç–∏—Ä—É –ø–æ —Å–∞–º–æ–π –≤—ã–≥–æ–¥–Ω–æ–π —Ü–µ–Ω–µ –≤ –ñ–ö ""–ñ–∞–≥–∞–ª–∞—É 4""     –ü—Ä–µ–∏–º—É—â–µ—Å—Ç–≤–∞:  ‚úÖ–ü–∞—Ä–∫–∏–Ω–≥  ‚úÖ–ü–æ—Ç–æ–ª–∫–∏ 2.8–º  ‚úÖ–ó–∞–∫—Ä—ã—Ç—ã–π –¥–≤–æ—Ä  ‚úÖ–ò–≥—Ä–æ–≤–∞—è –¥–µ—Ç—Å–∫–∞—è –ø–ª–æ—â–∞–¥–∫–∞  ‚úÖ–°–ø–æ—Ä—Ç–∏–≤–Ω–∞—è –ø–ª–æ—â–∞–¥–∫–∞  ‚úÖ–í–∏–¥–µ–æ–Ω–∞–±–ª—é–¥–µ–Ω–∏–µ 24/7    –û–∫—Ä—É–∂–µ–Ω–∏–µ –∫–æ–º–ø–ª–µ–∫—Å–∞:    –ê—Ä—Ö–∏—Ç–µ–∫—Ç—É—Ä–∞.  –ó–¥–∞–Ω–∏—è –∂–∏–ª–æ–≥–æ –∫–æ–º–ø–ª–µ–∫—Å–∞ –∏–º–µ–µ—Ç –≤—ã—Å–æ–∫—É—é —Å–µ–π—Å–º–æ—Å—Ç–æ–π–∫–æ—Å—Ç—å, –ø—Ä–æ–∏–∑–≤–æ–¥–∏—Ç—Å—è —É—Ç–µ–ø–ª–µ–Ω–∏–µ —Ñ–∞—Å–∞–¥–æ–≤ –¥–æ–ª–≥–æ–≤–µ—á–Ω—ã–º —Ç–µ–ø–ª–æ–∏–∑–æ–ª—è—Ç–æ—Ä–æ–º. –í –ø–æ–¥—ä–µ–∑–¥–∞—Ö —É—Å—Ç–∞–Ω–∞–≤–ª–∏–≤–∞—é—Ç—Å—è –±–µ—Å—à—É–º–Ω—ã–µ –Ω–∞–¥–µ–∂–Ω—ã–µ –ª–∏—Ñ—Ç—ã, –Ω–æ–≤–æ—Å—Ç—Ä–æ–π–∫–∞ –æ—Å–Ω–∞—â–∞–µ—Ç—Å—è —Å–æ–≤—Ä–µ–º–µ–Ω–Ω—ã–º–∏ –∏–Ω–∂–µ–Ω–µ—Ä–Ω—ã–º–∏ –∫–æ–º–º—É–Ω–∏–∫–∞—Ü–∏—è–º–∏ –∏ —Å–æ–≤–µ—Ä—à–µ–Ω–Ω—ã–º —Ç–µ—Ö–Ω–æ–ª–æ–≥–∏—á–µ—Å–∫–∏–º –æ–±–æ—Ä—É–¥–æ–≤–∞–Ω–∏–µ–º.    –ë–ª–∞–≥–æ—É—Å—Ç—Ä–æ–π—Å—Ç–≤–æ.    –ü—Ä–æ–µ–∫—Ç –ø—Ä–µ–¥—É—Å–º–∞—Ç—Ä–∏–≤–∞–µ—Ç —É—Å—Ç—Ä–æ–π—Å—Ç–≤–æ –≥–æ—Å—Ç–µ–≤–æ–π –∞–≤—Ç–æ–ø–∞—Ä–∫–æ–≤–∫–∏, –ø—Ä–æ–µ–∑–¥—ã –≤–¥–æ–ª—å –∑–¥–∞–Ω–∏–π, –¥–æ—Å—Ç–∞—Ç–æ—á–Ω–æ —à–∏—Ä–æ–∫–∏–µ –¥–ª—è —Ä–∞–±–æ—Ç—ã —Å–ø–µ—Ü—Ç—Ä–∞–Ω—Å–ø–æ—Ä—Ç–∞, —Å–æ–∑–¥–∞–Ω–∏–µ –ø–æ —Ü–µ–Ω—Ç—Ä—É –¥–≤–æ—Ä–∞ —É—é—Ç–Ω–æ–π –∑–æ–Ω—ã –æ—Ç–¥—ã—Ö–∞ —Å –¥–µ–∫–æ—Ä–∞—Ç–∏–≤–Ω—ã–º–∏ —Ä–∞—Å—Ç–µ–Ω–∏—è–º–∏, —Å–æ–æ—Ä—É–∂–µ–Ω–∏–µ —Ö–æ—Ä–æ—à–æ –æ—Å–Ω–∞—â–µ–Ω–Ω–æ–≥–æ –±–µ–∑–æ–ø–∞—Å–Ω–æ–≥–æ –¥–µ—Ç—Å–∫–æ–≥–æ –≥–æ—Ä–æ–¥–∫–∞.",–ê—Å—Ç–∞–Ω–∞–ø–æ–∫–∞–∑–∞—Ç—å –Ω–∞ –∫–∞—Ä—Ç–µ,2022,5 –∏–∑ 12,67 –º¬≤,
16,689560299,"3-–∫–æ–º–Ω–∞—Ç–Ω–∞—è –∫–≤–∞—Ä—Ç–∏—Ä–∞, 138 –º¬≤, 20/24 —ç—Ç–∞–∂, –ö–∞–±–∞–Ω–±–∞–π –±–∞—Ç—ã—Ä–∞ 11",75 000 000„Äí,"–®–∏–∫–∞—Ä–Ω–∞—è –ø–∞–Ω–æ—Ä–∞–º–Ω–∞—è –∫–≤–∞—Ä—Ç–∏—Ä–∞, —Å—É–ø–µ—Ä –ª–æ–∫–∞—Ü–∏—è, –∑–æ–ª–æ—Ç–æ–π –∫–≤–∞–¥—Ä–∞—Ç –ª–µ–≤–æ–≥–æ –±–µ—Ä–µ–≥–∞. –†—è–¥–æ–º 17 —à–∫–æ–ª–∞ -–≥–∏–º–Ω–∞–∑–∏—è, –¢–î –°–∞—Ä—ã–∞—Ä–∫–∞, –ö–ï–†–£–ï–ù –°–∏—Ç–∏, –•–∞–Ω –®–∞—Ç—ã—Ä, –ë–∞–π—Ç–µ—Ä–µ–∫, –î—É–º–∞–Ω, –¶–µ–Ω—Ç—Ä–∞–ª—å–Ω—ã–π –ü–∞—Ä–∫, —Ä–µ—Å—Ç–æ—Ä–∞–Ω—ã, –≤–æ –¥–≤–æ—Ä–µ —Ñ–∏—Ç–Ω–µ—Å, –±–æ–ª—å—à–æ–π –∑–∞–ª –¥–ª—è –≥–æ—Å—Ç–µ–π (36, 1 –º2), –∫–≤–∞—Ä—Ç–∏—Ä–∞ —Å —Ä–µ–º–æ–Ω—Ç–æ–º –∏ –º–µ–±–µ–ª—å—é, –≥–∞—Ä–¥–µ—Ä–æ–±–Ω–∞—è, +1 –ø–∞—Ä–∫–æ–≤–æ—á–Ω–æ–µ –º–µ—Å—Ç–æ, –±–µ–∑ –∫–æ–º–∏—Å—Å–∏–∏, –ø—Ä–æ–¥–∞–∂–∞ –æ—Ç —Ö–æ–∑—è–∏–Ω–∞, —Å–æ–≥–ª–∞—Å–Ω–æ —Ñ—ç–Ω-—à—É–π —Å–∞–º—ã–π –±–ª–∞–≥–æ–ø—Ä–∏—è—Ç–Ω–æ —Ä–∞—Å–ø–æ–ª–æ–∂–µ–Ω–Ω—ã–π –¥–æ–º, –ø—Ä–∏—Ç—è–≥–∏–≤–∞–µ—Ç –¥–µ–Ω—å–≥–∏, —É—Å–ø–µ—Ö –∏ –∑–¥–æ—Ä–æ–≤—å–µ –∂–∏–ª—å—Ü–∞–º",–ê—Å—Ç–∞–Ω–∞,2006,20 –∏–∑ 24,138 –º¬≤,
17,689889375,"3-–∫–æ–º–Ω–∞—Ç–Ω–∞—è –∫–≤–∞—Ä—Ç–∏—Ä–∞, 103.5 –º¬≤, 8/9 —ç—Ç–∞–∂, –ñ–æ—à—ã —Ö–∞–Ω ‚Äî –ö–µ—Ä–µ–π –ñ–∞–Ω–∏–±–µ–∫ —Ö–∞–Ω–¥–∞—Ä",67 999 999„Äí,"üí•–ü—Ä–æ–¥–∞—ë—Ç—Å—è 3-—Ö –∫–æ–º–Ω–∞—Ç–Ω–∞—è –∫–≤–∞—Ä—Ç–∏—Ä–∞ —Å –¥–∏–∑–∞–π–Ω–µ—Ä—Å–∫–∏–º —Ä–µ–º–æ–Ω—Ç–æ–º    üìå–≤ –ñ–ö ""Prime Garden - 2""   üìå–≠–ª–∏—Ç–Ω—ã–π, –ø–µ—Ä—Å–ø–µ–∫—Ç–∏–≤–Ω—ã–π —Ä–∞–π–æ–Ω  üìå–í–∏–¥ –Ω–∞ –ü—Ä–µ–∑–∏–¥–µ–Ω—Ç—Å–∫–∏–π –ø–∞—Ä–∫, –ê“õ–æ—Ä–¥—É  üìå–†—è–¥–æ–º —à–∫–æ–ª–∞ –íinom, —à–∫–æ–ª—ã ‚Ññ 75, 95 –∏ –¥–µ—Ç—Å–∫–∏–µ —Å–∞–¥—ã  üìå–î–æ–º –∫–æ–º—Ñ–æ—Ä—Ç –∫–ª–∞—Å—Å–∞ —Å —ç–ª–µ–º–µ–Ω—Ç–∞–º–∏ –±–∏–∑–Ω–µ—Å –∫–ª–∞—Å—Å–∞ 2022 –≥.–ø, –≤–≤–µ–¥—ë–Ω –≤ —ç–∫—Å–ø–ª—É–∞—Ç–∞—Ü–∏—é    üí•–ö–∏—Ä–ø–∏—á–Ω—ã–π –¥–æ–º  üí• –ú–∞–ª–æ—ç—Ç–∞–∂–Ω—ã–π, –º–∞–ª–æ–∫–≤–∞—Ä—Ç–∏—Ä–Ω—ã–π  üí•8 —ç—Ç–∞–∂ –∏–∑ 9  üí•–î–µ—Ç—Å–∫–∞—è, —Ç—Ä–µ–Ω–∞–∂—ë—Ä–Ω–∞—è –ø–ª–æ—â–∞–¥–∫–∞/—Ñ—É—Ç–±–æ–ª—å–Ω–æ–µ –ø–æ–ª–µ  üí•–ü–æ—Ç–æ–ª–∫–∏ 3 –º–µ—Ç—Ä–∞  üí•–£–≤–µ–ª–∏—á–µ–Ω–Ω—ã–µ –æ–∫–Ω–∞ –≤—ã—Å–æ—Ç–æ–π 2.2 –º  üí•–†–∞—Å–ø–∞—à–æ–Ω–∫–∞, —É–¥–æ–±–Ω–∞—è –ø–ª–∞–Ω–∏—Ä–æ–≤–∫–∞, –≤—Å–µ –∫–æ–º–Ω–∞—Ç—ã –∏–∑–æ–ª–∏—Ä–æ–≤–∞–Ω—ã  üí•–¢—ë–ø–ª—ã–µ –ø–æ–ª—ã –≤ —Å–∞–Ω—É–∑–ª–∞—Öüî•      üîê–ë–µ–∑–æ–ø–∞—Å–Ω—ã–π –¥–≤–æ—Ä  üîê–í–∏–¥–µ–æ–¥–æ–º–æ—Ñ–æ–Ω, FaceID, —ç–ª–µ–∫—Ç—Ä–æ–Ω–Ω—ã–µ –∑–∞–º–∫–∏      –∑–≤–æ–Ω–∏—Ç–µ!",–ê—Å—Ç–∞–Ω–∞,2022,8 –∏–∑ 9,103.5 –º¬≤,—Ö–æ—Ä–æ—à–µ–µ
18,688234593,"2-–∫–æ–º–Ω–∞—Ç–Ω–∞—è –∫–≤–∞—Ä—Ç–∏—Ä–∞, 66.7 –º¬≤, 2/6 —ç—Ç–∞–∂, –ò–ª–µ 32",26 000 000„Äí,"–ü–ª–∞—Å—Ç–∏–∫–æ–≤—ã–µ –æ–∫–Ω–∞, –Ω–µ—É–≥–ª–æ–≤–∞—è, —É–ª—É—á—à–µ–Ω–Ω–∞—è, —Ç–∏—Ö–∏–π –¥–≤–æ—Ä.üí• –ø–æ–ª–Ω–æ—Ü–µ–Ω–Ω–∞—è 2-—Ö –∫–æ–º–Ω –∫–≤–∞—Ä—Ç–∏—Ä–∞;  üí• –≤—Å–µ –∫–æ–º–Ω–∞—Ç—ã –∏–∑–æ–ª–∏—Ä–æ–≤–∞–Ω–Ω—ã–µ;  üí• –∫–≤–∞—Ä—Ç–∏—Ä–∞ –≤ —Ö–æ—Ä–æ—à–µ–º —Å–æ—Å—Ç–æ—è–Ω–∏–∏, —Å–≤–µ—Ç–ª–∞—è, —É—é—Ç–Ω–∞—è, —Å –æ—Ç–ª–∏—á–Ω–æ–π –∞—É—Ä–æ–π;  üí• –¥–æ–º –∫–∏—Ä–ø–∏—á–Ω—ã–π;  üí• —à–∏–∫–∞—Ä–Ω–∞—è —à—É–º–æ–∏–∑–æ–ª—è—Ü–∏—è;  üí• —à–∫–æ–ª–∞ 63 –≤–æ –¥–≤–æ—Ä–µ, –ø–æ–ª–∏–∫–ª–∏–Ω–∏–∫–∞, –¥–µ—Ç—Å–∫–∏–π —Å–∞–¥, –±–æ–ª—å–Ω–∏—Ü–∞;  üí• –¥–æ–º –Ω–∞—Ö–æ–¥–∏—Ç—Å—è –≤ –ê–ª–º–∞—Ç–∏–Ω—Å–∫–æ–º —Ä–∞–π–æ–Ω–µ;  üí• —à–∏–∫–∞—Ä–Ω—ã–π —Ä–∞–π–æ–Ω, –≤—Å–µ –≤ —à–∞–≥–æ–≤–æ–π –¥–æ—Å—Ç—É–ø–Ω–æ—Å—Ç–∏;  üí• —Ç—Ä–∞–Ω—Å–ø–æ—Ä—Ç–Ω–∞—è —Ä–∞–∑–≤—è–∑–∫–∞ –≤–æ –≤—Å–µ –Ω–∞–ø—Ä–∞–≤–ª–µ–Ω–∏—è;  üí• –∏–ø–æ—Ç–µ–∫–∞ —Ä–∞—Å—Å–º–∞—Ç—Ä–∏–≤–∞–µ—Ç—Å—è;  üí• —Ä–∏–µ–ª—Ç–æ—Ä    –≤—Å–µ –æ—Å—Ç–∞–≤—à–∏–µ—Å—è –≤–æ–ø—Ä–æ—Å—ã –ø–æ —Ç–µ–ª–µ—Ñ–æ–Ω—É -  —Ä–∏–µ–ª—Ç–æ—Ä –ê–Ω–∞—Ä–∞",–ê—Å—Ç–∞–Ω–∞,2009,2 –∏–∑ 6,66.7 –º¬≤,—Ö–æ—Ä–æ—à–µ–µ
19,689390955,"4-–∫–æ–º–Ω–∞—Ç–Ω–∞—è –∫–≤–∞—Ä—Ç–∏—Ä–∞, 142 –º¬≤, 4/9 —ç—Ç–∞–∂, –ï-900",130 500 000„Äí,"–ù–µ—É–≥–ª–æ–≤–∞—è, —Ç–∏—Ö–∏–π –¥–≤–æ—Ä, –≤—Å—Ç—Ä–æ–µ–Ω–Ω–∞—è –∫—É—Ö–Ω—è, —É–ª—É—á—à–µ–Ω–Ω–∞—è, –∫–æ–Ω–¥–∏—Ü–∏–æ–Ω–µ—Ä, —Å—á—ë—Ç—á–∏–∫–∏, –∫–æ–º–Ω–∞—Ç—ã –∏–∑–æ–ª–∏—Ä–æ–≤–∞–Ω—ã, –Ω–æ–≤–∞—è —Å–∞–Ω—Ç–µ—Ö–Ω–∏–∫–∞.–•–û–¢–ò–¢–ï –ü–û–ß–£–í–°–¢–í–û–í–ê–¢–¨ –ö–û–ú–§–û–†–¢, –°–û–í–†–ï–ú–ï–ù–ù–û–°–¢–¨ –ò –ë–ï–ó–û–ü–ê–°–ù–û–°–¢–¨ –í –æ–¥–Ω–æ–ú –ö–õ–Æ–ß–ï?üóùÔ∏è  4-—Ö –∫–æ–º–Ω–∞—Ç–Ω–∞—è –∫–≤–∞—Ä—Ç–∏—Ä–∞ –Ω–∞ –ø—Ä–æ–¥–∞–∂—É –≤ –ñ–ö  ¬´GreenLine Aura¬ª —Å—Ç–∞–Ω–µ—Ç –∏–¥–µ–∞–ª—å–Ω—ã–º –≤–∞—Ä–∏–∞–Ω—Ç–æ–º –¥–ª—è –≤–∞—Å. –î–∞–Ω–Ω–∞—è –∫–≤–∞—Ä—Ç–∏—Ä–∞ –æ–±—É—Å—Ç—Ä–æ–µ–Ω–∞ –≤ —Å–æ–≤—Ä–µ–º–µ–Ω–Ω–æ–º –º–∏–Ω–∏–º–∞–ª–∏—Å—Ç–∏—á–Ω–æ–º —Å—Ç–∏–ª–µ –∏ –æ—Ç—Ä–∞–∂–∞–µ—Ç –≤—Å–µ –ø–æ—Å–ª–µ–¥–Ω–∏–µ —Ç–µ–Ω–¥–µ–Ω—Ü–∏–∏ –¥–∏–∑–∞–π–Ω–∞  üíé–û–±—â–∞—è –ø–ª–æ—â–∞–¥—å 142 –∫–≤. –ú  üíé 4/9 —ç—Ç–∞–∂  üíé–≤—ã—Å–æ—Ç–∞ –ø–æ—Ç–æ–ª–∫–æ–≤ 3 –º  üíé –∫–∞—á–µ—Å—Ç–≤–µ–Ω–Ω–∞—è –¥–∏–∑–∞–π–Ω–µ—Ä—Å–∫–∞—è –º–µ–±–µ–ª—å –∏ —Ç–µ—Ö–Ω–∏–∫–∞ –≤ —Ü–µ–Ω–µ  üíé –≤ —Ü–µ–Ω–µ –æ–¥–Ω–æ –ø–∞—Ä–∫–æ–≤–æ—á–Ω–æ–µ –º–µ—Å—Ç–æ  üíé —É–≤–µ–ª–∏—á–µ–Ω–Ω—ã–µ –æ–∫–Ω–∞  üíé 3 —Å–∞–Ω—É–∑–ª–∞  –í –ñ–ö ¬´GreenLine Aura¬ª –∫–æ–º—Ñ–æ—Ä—Ç –∫—Ä–æ–µ—Ç—Å—è –≤ –∫–∞–∂–¥–æ–π –¥–µ—Ç–∞–ª–∏. –†–∞—Å–ø–æ–ª–æ–∂–µ–Ω–∏–µ –Ω–∞ –ø—Ä–µ—Å—Ç–∏–∂–Ω–æ–º –±—É–ª—å–≤–∞—Ä–µ –ë–ò–≥–í–ò–õ—å, —É–≤–µ–ª–∏—á–µ–Ω–Ω—ã–µ –¥–≤–µ—Ä–Ω—ã–µ –ø—Ä–æ–µ–º—ã, –≤—ã—Å–æ–∫–∏–µ –ø–æ—Ç–æ–ª–∫–∏, –¥–æ–º —Å—Ç–∏–ª–µ –∂–∏–ª—ã—Ö –∫–æ–º–ø–ª–µ–∫—Å–æ–≤ –ù—å—é –ô–æ—Ä–∫–∞ –∏ –∑–∞–∫—Ä—ã—Ç—ã–π –¥–≤–æ—Ä —Å —É–Ω–∏–∫–∞–ª—å–Ω—ã–º –ª–∞–Ω–¥—à–∞—Ñ—Ç–Ω—ã–º –¥–∏–∑–∞–π–Ω–æ–º  –î–∞–Ω–Ω—ã–π –ñ–ö –ø–æ—Ä–∞–¥—É–µ—Ç —Å–≤–æ–∏—Ö –∂–∏–ª—å—Ü–æ–≤ —Å–æ–±—Å—Ç–≤–µ–Ω–Ω–æ–π –∑–æ–Ω–æ–π –¥–ª—è –æ—Ç–¥—ã—Ö–∞ –∏ –∏–≥—Ä. –≠—Ç–æ –æ—Ç–ª–∏—á–Ω–∞—è –≤–æ–∑–º–æ–∂–Ω–æ—Å—Ç—å –ø–æ—á—É–≤—Å—Ç–≤–æ–≤–∞—Ç—å —Å—Ç–∏–ª—å, –∫–æ–º—Ñ–æ—Ä—Ç –∏ –º–∏–Ω–∏–º–∞–ª–∏–∑–º –ø–æ–ª–Ω–æ—Å—Ç—å—é  –£—Å–ø–µ–π—Ç–µ –ø—Ä–∏–æ–±—Ä–µ—Å—Ç–∏ –¥–∞–Ω–Ω—É—é –∫–≤–∞—Ä—Ç–∏—Ä—É, —Ç–æ—Ä–≥ —É–º–µ—Å—Ç–µ–Ω.",–ê—Å—Ç–∞–Ω–∞,2022,4 –∏–∑ 9,142 –º¬≤,—Ö–æ—Ä–æ—à–µ–µ
20,683236947,"1-–∫–æ–º–Ω–∞—Ç–Ω–∞—è –∫–≤–∞—Ä—Ç–∏—Ä–∞, 42.6 –º¬≤, 8/9 —ç—Ç–∞–∂, –ê91 16 ‚Äî –ê242",17 000 000„Äí,"–ü–ª–∞—Å—Ç–∏–∫–æ–≤—ã–µ –æ–∫–Ω–∞, –Ω–µ—É–≥–ª–æ–≤–∞—è, –∫–æ–º–Ω–∞—Ç—ã –∏–∑–æ–ª–∏—Ä–æ–≤–∞–Ω—ã, —Å—á—ë—Ç—á–∏–∫–∏, —Ç–∏—Ö–∏–π –¥–≤–æ—Ä.–û–ø–∏—Å–∞–Ω–∏–µ  üè° –ü—Ä–æ–¥–∞–µ—Ç—Å—è –Ω–æ–≤–∞—è –æ–¥–Ω–æ–∫–æ–º–Ω–∞—Ç–Ω–∞—è –∫–≤–∞—Ä—Ç–∏—Ä–∞ —Å –≤–∏–¥–æ–º –Ω–∞ –ë–∏–Ω–æ–º —à–∫–æ–ª–∞!  –ö–≤–∞—Ä—Ç–∏—Ä–∞ –≤ –ø—Ä–µ–¥—á–∏—Å—Ç–æ–≤–æ–π –æ—Ç–¥–µ–ª–∫–µ, —É–≤–µ–ª–∏—á–µ–Ω–Ω—ã–µ –æ–∫–Ω–∞, –æ–∫–Ω–∞ –ª–æ–¥–∂–∏—è –≤–∏—Ç—Ä–∞–∂–Ω—ã–µ!    üîë –î–æ–º —Å–¥–∞–Ω –≤ —ç–∫—Å–ø–ª—É–∞—Ç–∞—Ü–∏—é, –∏–ø–æ—Ç–µ–∫–∞ —Ä–∞—Å—Å–º–∞—Ç—Ä–∏–≤–∞–µ—Ç—Å—è!    ‚öúÔ∏è–î–æ–º –∫–æ–º—Ñ–æ—Ä—Ç –∫–ª–∞—Å—Å–∞!  9 -—Ç–∏ —ç—Ç–∞–∂–Ω—ã–π –∏ 7 –ø–æ–¥—ä–µ–∑–¥–Ω—ã–π –¥–æ–º, —Å–æ–±—Å—Ç–≤–µ–Ω–Ω—ã–π –ø–∞—Ä–∫–∏–Ω–≥, –±–µ—Å—à—É–º–Ω—ã–π –∏ –±—ã—Å—Ç—Ä—ã–π –ª–∏—Ñ—Ç, –¥–µ—Ç—Å–∫–∏–µ –∏ —Å–ø–æ—Ä—Ç–∏–≤–Ω—ã–µ –ø–ª–æ—â–∞–¥–∫–∏, –¥–≤–æ—Ä –∑–∞—â–∏—â–µ–Ω –æ—Ç –º–∞—à–∏–Ω –∏ —Å–ª—É—á–∞–π–Ω—ã—Ö –ø—Ä–æ—Ö–æ–∂–∏—Ö.    üìç –†—è–¥–æ–º: —Å—É–ø–µ—Ä–º–∞—Ä–∫–µ—Ç—ã –∏ –ø—Ä–æ–¥—É–∫—Ç–æ–≤—ã–µ –º–∞–≥–∞–∑–∏–Ω—ã.  –ë–∏–Ω–æ–º —à–∫–æ–ª–∞, –Ω–æ–≤—ã–π –≤–æ–∫–∑–∞–ª –ù—É—Ä–ª—ã –∂–æ–ª, –ê–ª–ª–µ—è —Ç—ã—Å—è—á–∏–ª–µ—Ç–∏—è, –≥–æ—Å. —à–∫–æ–ª—ã ‚Ññ57, ‚Ññ13, ‚Ññ74, —à–∫–æ–ª–∞ - –≥–∏–º–Ω–∞–∑–∏—è ‚Ññ86, –¥–µ—Ç—Å–∫–∏–π —Å–∞–¥ ‚Ññ67 –®—É–≥—ã–ª–∞, —è—Å–ª–∏-—Å–∞–¥ ‚Ññ66 –¢–æ–ª–∞–≥–∞–π.  –ò –ø—Ä—è–º–æ –ø–µ—Ä–µ–¥ –ñ–ö –ñ—É–ª–¥—ã–∑ —Å—Ç—Ä–æ—è—Ç—Å—è –¥–µ—Ç. —Å–∞–¥ –∏ —à–∫–æ–ª–∞. –î–æ–º –Ω–∞—Ö–æ–¥–∏—Ç—Å—è –Ω–∞ –≤–æ–∑–≤—ã—à–µ–Ω–Ω–æ—Å—Ç–∏, –Ω–∞ –≤—Ç–æ—Ä–æ–π –ª–∏–Ω–∏–∏ –æ—Ç –¥–æ—Ä–æ–≥–∏: –Ω–µ—Ç —à—É–º–∞ –æ—Ç –ø—Ä–æ–µ–∑–∂–∞—é—â–∏—Ö –∞–≤—Ç–æ. –¥–≤–æ—Ä –±–µ–∑–æ–ø–∞—Å–Ω—ã–π, –∑–∞–∫—Ä—ã—Ç—ã–π. –†–∞–π–æ–Ω —Å —Ä–∞–∑–≤–∏—Ç–æ–π –∏–Ω—Ñ—Ä–∞—Å—Ç—Ä—É–∫—Ç—É—Ä–æ–π –∏ —Ö–æ—Ä–æ—à–µ–π —Ä–∞–∑–≤—è–∑–∫–æ–π –¥–æ—Ä–æ–≥.",–ê—Å—Ç–∞–Ω–∞,2023,8 –∏–∑ 9,42.6 –º¬≤,—á–µ—Ä–Ω–æ–≤–∞—è –æ—Ç–¥–µ–ª–∫–∞
21,665371280,"3-–∫–æ–º–Ω–∞—Ç–Ω–∞—è –∫–≤–∞—Ä—Ç–∏—Ä–∞, 103 –º¬≤, 13/13 —ç—Ç–∞–∂, –ß–∏–Ω–≥–∏–∑–∞ –ê–π—Ç–º–∞—Ç–æ–≤–∞ ‚Äî –°—ã–≥–∞–Ω–∞–∫",40 000 000„Äí,"–ü–ª–∞—Å—Ç–∏–∫–æ–≤—ã–µ –æ–∫–Ω–∞, –Ω–µ—É–≥–ª–æ–≤–∞—è, —É–ª—É—á—à–µ–Ω–Ω–∞—è, –∫–æ–º–Ω–∞—Ç—ã –∏–∑–æ–ª–∏—Ä–æ–≤–∞–Ω—ã, –≤—Å—Ç—Ä–æ–µ–Ω–Ω–∞—è –∫—É—Ö–Ω—è, –Ω–æ–≤–∞—è —Å–∞–Ω—Ç–µ—Ö–Ω–∏–∫–∞, –∫–ª–∞–¥–æ–≤–∫–∞, —Å—á—ë—Ç—á–∏–∫–∏, —Ç–∏—Ö–∏–π –¥–≤–æ—Ä.üî•üî•üî•–°—Ä–æ—á–Ω–æüî•üî•üî•  —à–∏–∫–∞—Ä–Ω–∞—è –∫–≤–∞—Ä—Ç–∏—Ä–∞, –ø–æ–ª–Ω–æ—Å—Ç—å—é —Å –º–µ–±–µ–ª—å—é, —Å —Ö–æ—Ä–æ—à–µ–π –∫–≤–∞–¥—Ä–∞—Ç—É—Ä–æ–π, –¥–æ–∫—É–º–µ–Ω—Ç—ã –Ω–∞ —Ä—É–∫–∞—Ö –∏ –≤ –ø–æ–ª–Ω–æ–º –ø–æ—Ä—è–¥–∫–µ, –∫–≤–∞—Ä—Ç–∏—Ä–∞ –±—ã–ª–∞ –ø–æ–ª—É—á–µ–Ω–∞ 2022 –≥–æ–¥—É, —Å–¥–µ–ª–∞–Ω –∫–∞—á–µ—Å—Ç–≤–µ–Ω–Ω—ã–π —Ä–µ–º–æ–Ω—Ç. (–≤–∏–¥–µ–æ –æ–±–∑–æ—Ä –ø–æ –∑–∞–ø—Ä–æ—Å—É) –∏–º–µ–µ—Ç—Å—è –∫–ª–∞–¥–æ–≤–∞—è –Ω–∞ —ç—Ç–∞–∂–µ.  –°–∞–º—ã–π –∫–ª–∞—Å—Å–Ω—ã–π —Ä–∞–π–æ–Ω, –≥–¥–µ –≤ —à–∞–≥–æ–≤–æ–π –¥–æ—Å—Ç—É–ø–Ω–æ—Å—Ç–∏ –Ω–µ—Å–∫–æ–ª—å–∫–æ —à–∫–æ–ª –∏ –¥–µ—Ç—Å–∫–∏—Ö —Å–∞–¥–æ–≤.  –ü–∞—Ä–∫–æ–≤–æ—á–Ω—ã—Ö –º–µ—Å—Ç –¥–æ—Å—Ç–∞—Ç–æ—á–Ω–æ.  –í–∏–¥ —Å –æ–∫–Ω–∞ –∏ –Ω–∞ –¥–≤–æ—Ä, –∏ –≤ —Å—Ç–æ—Ä–æ–Ω—É —É–ª–∏—Ü—ã.  –ó–∏–º–æ–π —Ç–µ–ø–ª–æ, –ª–µ—Ç–æ–º –ø—Ä–æ—Ö–ª–∞–¥–Ω–æ!  –°–æ—Å–µ–¥–∏ —Ö–æ—Ä–æ—à–∏–µ, –∫–æ—Ç–æ—Ä—ã–µ –∂–∏–≤—É—Ç —É–∂–µ –¥–∞–≤–Ω–æ. –ï—Å—Ç—å –≤–∏–¥–µ–æ–∫–∞–º–µ—Ä—ã –¥–ª—è –∫–æ–Ω—Ç—Ä–æ–ª—è.  –ö–≤–∞—Ä—Ç–∏—Ä–∞ —é—Ä–∏–¥–∏—á–µ—Å–∫–∏ —á–∏—Å—Ç–∞—è! –ú–æ–∂–Ω–æ –æ—Ñ–æ—Ä–º–∏—Ç—å –≤ –∏–ø–æ—Ç–µ–∫—É.  –ü–æ —Ü–µ–Ω–µ –º–æ–∂–Ω–æ –¥–æ–≥–æ–≤–æ—Ä–∏—Ç—å—Å—è (—Ö–æ—Ä–æ—à–∏–º –ª—é–¥—è–º —Ö–æ—Ä–æ—à–∞—è —Å–∫–∏–¥–∫–∞)",–ê—Å—Ç–∞–Ω–∞,2021,13 –∏–∑ 13,103 –º¬≤,
22,679245055,"4-–∫–æ–º–Ω–∞—Ç–Ω–∞—è –∫–≤–∞—Ä—Ç–∏—Ä–∞, 156 –º¬≤, 5/6 —ç—Ç–∞–∂, —É–ª –ö–∞–±–∞–Ω–±–∞–π–±–∞—Ç—ã—Ä–∞ 13",131 000 000„Äí,"–ü–ª–∞—Å—Ç–∏–∫–æ–≤—ã–µ –æ–∫–Ω–∞, –Ω–µ—É–≥–ª–æ–≤–∞—è, —É–ª—É—á—à–µ–Ω–Ω–∞—è, –∫–æ–º–Ω–∞—Ç—ã –∏–∑–æ–ª–∏—Ä–æ–≤–∞–Ω—ã, –≤—Å—Ç—Ä–æ–µ–Ω–Ω–∞—è –∫—É—Ö–Ω—è, —Å—á—ë—Ç—á–∏–∫–∏, —Ç–∏—Ö–∏–π –¥–≤–æ—Ä.    –æ—Ç–ª–∏—á–Ω–∞—è 4 –∫–æ–º–Ω–∞—Ç–Ω–∞—è –∫–≤–∞—Ä—Ç–∏—Ä–∞, —Å —É–Ω–∏–∫–∞–ª—å–Ω—ã–º –¥–∏–∑–∞–π–Ω–æ–º –∏ –∞—Ç–º–æ—Å—Ñ–µ—Ä–æ–π –≤ –¥–æ–º–µ –ø—Ä–µ–º–∏—É–º –∫–ª–∞—Å—Å–∞.    –ò–ù–§–†–ê–°–¢–†–£–ö–¢–£–†–ê:  - –¥–æ–º –Ω–∞—Ö–æ–¥–∏—Ç—Å—è –Ω–∞ –ª–µ–≤–æ–º –±–µ—Ä–µ–≥—É, –≤ —Ü–µ–Ω—Ç—Ä–µ –≥–æ—Ä–æ–¥–∞  - –≤ —à–∞–≥–æ–≤–æ–π –¥–æ—Å—Ç—É–ø–Ω–æ—Å—Ç–∏ –Ω–∞—Ö–æ–¥—è—Ç—Å—è –ê—Å—Ç–∞–Ω–∞ –û–ø–µ—Ä–∞, —à–∫–æ–ª–∞-–≥–∏–º–Ω–∞–∑–∏—è ‚Ññ17, –¢–†–¶ –°–∞—Ä—ã–∞—Ä–∫–∞, –¢–†–¶ –ö–µ—Ä—É–µ–Ω—Å–∏—Ç–∏, –¶–∏—Ä–∫.    –¥–æ–º:  - –∑–∞—Å—Ç—Ä–æ–π—â–∏–∫ –ë–∞–∑–∏—Å –ê  - —É—Å–ª—É–≥–∏ –∫–æ–Ω—Å—å–µ—Ä–∂–∞  - –ø—Ä–µ–∑–µ–Ω—Ç–∞–±–µ–ª—å–Ω—ã–µ –≤—Ö–æ–¥–Ω—ã–µ –≥—Ä—É–ø–ø—ã  - –±–µ–∑–æ–ø–∞—Å–Ω—ã–π –∏ –∑–∞–∫—Ä—ã—Ç—ã–π –¥–≤–æ—Ä  - –ø–æ–¥–∑–µ–º–Ω—ã–π –ø–∞—Ä–∫–∏–Ω–≥  - –¥–µ—Ç—Å–∫–∏–π –¥–≤–æ—Ä    –ö–í–ê–†–¢–ò–†–ê:  - –≤—ã—Å–æ–∫–∏–µ –ø–æ—Ç–æ–ª–∫–∏ 3–º  - 2 —Ö —ç—Ç–∞–∂–Ω—ã–π –ø–µ–Ω—Ö–∞—É—Å  2 —ç—Ç–∞–∂  - 1 –º–∞—Å—Ç–µ—Ä —Å–ø–∞–ª—å–Ω—è —Å–æ —Å–≤–æ–∏–º –≥–∞—Ä–¥–µ—Ä–æ–±–Ω–æ–π –∫–æ–º–Ω–∞—Ç–æ–π  - 2 —Å–ø–∞–ª—å–Ω–∏ –¥–ª—è –¥–µ—Ç–µ–π.  - –∏–≥—Ä–æ–≤–∞—è, –≥–æ—Å—Ç–µ–≤–∞—è  - —Å–∞–Ω —É–∑–µ–ª  1 —ç—Ç–∞–∂  - –ø—Ä–æ—Å—Ç–æ—Ä–Ω–∞—è –≥–æ—Å—Ç–∏–Ω–∞—è  - –∫–∞–±–∏–Ω–µ—Ç  - –∫—É—Ö–Ω—è  - –≥–æ—Ç–æ–≤–∫–∞  - —Ç–µ–ø–ª—ã–µ –ø–æ–ª—ã –Ω–∞ –∫—É—Ö–Ω–µ –∏ –≤ —Å–∞–Ω. —É–∑–ª–∞—Ö (–ø—Ä–∞–∫—Ç–∏—á–µ—Å–∫–∏ –Ω–µ –ø–æ–ª—å–∑—É—é—Ç—Å—è, —Ç–∞–∫ –∫–∞–∫ —Ç–µ–ø–ª–æ) - –æ—Ç–ª–∏—á–Ω–∞—è —à—É–º–æ–∏–∑–æ–ª—è—Ü–∏—è  - –≤—Å—è –±—ã—Ç–æ–≤–∞—è —Ç–µ—Ö–Ω–∏–∫–∞  - –≥–∞—Ä–¥–µ—Ä–æ–±–Ω—ã–µ –∫–æ–º–Ω–∞—Ç—ã –ø–æ–ª–Ω–æ—Å—Ç—å—é –æ–±–æ—Ä—É–¥–æ–≤–∞–Ω—ã —Å–∏—Å—Ç–µ–º–æ–π —Ö—Ä–∞–Ω–µ–Ω–∏—è  - —Ä–µ–º–æ–Ω—Ç –¥–µ–ª–∞–ª—Å—è –¥–ª—è —Å–µ–±—è, –∏—Å–ø–æ–ª—å–∑–æ–≤–∞–ª–∏—Å—å –¥–æ–±—Ä–æ—Ç–Ω—ã–µ –º–∞—Ç–µ—Ä–∏–∞–ª—ã  - –Ω–µ–∫–æ—Ç–æ—Ä–∞—è –º–µ–±–µ–ª—å –∏–∑ –ï–≤—Ä–æ–ø—ã  - 3 —Å–ø–∞–ª—å–Ω–æ–π –∫–æ–º–Ω–∞—Ç—ã, 2 —Å–∞–Ω. —É–∑–ª–∞, 2 –≥–∞—Ä–¥–µ—Ä–æ–±–Ω–æ–π –∫–æ–º–Ω–∞—Ç—ã, 1 –≥–æ—Ç–æ–≤–∫–∞, , 1 –∫–∞–±–∏–Ω–µ—å –≥–æ—Å—Ç–∏–Ω–∞—è, –∫—É—Ö–Ω—è, –±–∞–ª–∫–æ–Ω –∏ –ª–æ–¥–∂–∏—è  - 2 –ø–∞—Ä–∫–æ –º–µ—Å—Ç–æ –≤ —Ü–µ–Ω–µ    –î–û–ü. –ò–Ω–§:  - –Ω–∏–∫–æ–≥–¥–∞ –Ω–µ —Å–¥–∞–≤–∞–ª–∞—Å—å, –ø—Ä–æ–∂–∏–≤–∞–ª–∏ —Å–æ–±—Å—Ç–≤–µ–Ω–Ω–∏–∫–∏  - –≤ —Å–≤—è–∑–∏ —Å —Ä–∞—Å—à–∏—Ä–µ–Ω–∏–µ–º  - –ø—Ä–æ—à—É —Ä–µ–∞–ª—Ç–æ—Ä–æ–≤ –Ω–µ –±–µ—Å–ø–æ–∫–æ–∏—Ç—å, —Å–ø–∞—Å–∏–±–æ –∑–∞ –ø–æ–Ω–∏–º–∞–Ω–∏–µ",–ê—Å—Ç–∞–Ω–∞,2015,5 –∏–∑ 6,156 –º¬≤,—Ö–æ—Ä–æ—à–µ–µ
23,690628407,"1-–∫–æ–º–Ω–∞—Ç–Ω–∞—è –∫–≤–∞—Ä—Ç–∏—Ä–∞, 40 –º¬≤, 4/15 —ç—Ç–∞–∂, –¢–æ–ª–µ –±–∏ 14 ‚Äî –£–ª—ã –¥–∞–ª–∞",24 000 000„Äí,"–ñ–ö –î–∞—Å—Ç—É—Ä. –†–∞–π–æ–Ω –æ—Ç–ª–∏—á–Ω—ã–π –ª–µ–≤—ã–π –±–µ—Ä–µ–≥. –í–æ–∫—Ä—É–≥ –≤—Å–µ —Å–ø–æ—Ä—Ç–∏–≤–Ω—ã–µ –∫–æ–º–ø–ª–µ–∫—Å—ã –ê—Å—Ç–∞–Ω—ã, –ù–∞–∑–∞—Ä–±–∞–µ–≤—Å–∫–∏–π —É–Ω–∏–≤–µ—Ä—Å–∏—Ç–µ—Ç, –ù–ò–®, —à–∫–æ–ª–∞ –ê–ª–ø–∞–º—ã—Å, –ú–µ–≥–∞ –°–∏–ª–∫ –£–µ–π, –°–º–æ–ª–ª. –ö–≤–∞—Ä—Ç–∏—Ä–∞ –ø—Ä–æ—Å—Ç–æ—Ä–Ω–∞—è, —Ä–µ–º–æ–Ω—Ç —Å –Ω–µ–Ω–∞–≤—è–∑—á–∏–≤—ã–º, —Å–ø–æ–∫–æ–π–Ω—ã–º —Ä–µ–º–æ–Ω—Ç–∞–º. —à–∫–∞—Ñ—ã –∏–∑ –º–¥—Ñ –ø–ª–µ–Ω–∫–∏.",–ê—Å—Ç–∞–Ω–∞,2023,4 –∏–∑ 15,40 –º¬≤,—Ö–æ—Ä–æ—à–µ–µ
24,679245055,"4-–∫–æ–º–Ω–∞—Ç–Ω–∞—è –∫–≤–∞—Ä—Ç–∏—Ä–∞, 156 –º¬≤, 5/6 —ç—Ç–∞–∂, —É–ª –ö–∞–±–∞–Ω–±–∞–π–±–∞—Ç—ã—Ä–∞ 13",131 000 000„Äí,"–ü–ª–∞—Å—Ç–∏–∫–æ–≤—ã–µ –æ–∫–Ω–∞, –Ω–µ—É–≥–ª–æ–≤–∞—è, —É–ª—É—á—à–µ–Ω–Ω–∞—è, –∫–æ–º–Ω–∞—Ç—ã –∏–∑–æ–ª–∏—Ä–æ–≤–∞–Ω—ã, –≤—Å—Ç—Ä–æ–µ–Ω–Ω–∞—è –∫—É—Ö–Ω—è, —Å—á—ë—Ç—á–∏–∫–∏, —Ç–∏—Ö–∏–π –¥–≤–æ—Ä.    –æ—Ç–ª–∏—á–Ω–∞—è 4 –∫–æ–º–Ω–∞—Ç–Ω–∞—è –∫–≤–∞—Ä—Ç–∏—Ä–∞, —Å —É–Ω–∏–∫–∞–ª—å–Ω—ã–º –¥–∏–∑–∞–π–Ω–æ–º –∏ –∞—Ç–º–æ—Å—Ñ–µ—Ä–æ–π –≤ –¥–æ–º–µ –ø—Ä–µ–º–∏—É–º –∫–ª–∞—Å—Å–∞.    –ò–ù–§–†–ê–°–¢–†–£–ö–¢–£–†–ê:  - –¥–æ–º –Ω–∞—Ö–æ–¥–∏—Ç—Å—è –Ω–∞ –ª–µ–≤–æ–º –±–µ—Ä–µ–≥—É, –≤ —Ü–µ–Ω—Ç—Ä–µ –≥–æ—Ä–æ–¥–∞  - –≤ —à–∞–≥–æ–≤–æ–π –¥–æ—Å—Ç—É–ø–Ω–æ—Å—Ç–∏ –Ω–∞—Ö–æ–¥—è—Ç—Å—è –ê—Å—Ç–∞–Ω–∞ –û–ø–µ—Ä–∞, —à–∫–æ–ª–∞-–≥–∏–º–Ω–∞–∑–∏—è ‚Ññ17, –¢–†–¶ –°–∞—Ä—ã–∞—Ä–∫–∞, –¢–†–¶ –ö–µ—Ä—É–µ–Ω—Å–∏—Ç–∏, –¶–∏—Ä–∫.    –¥–æ–º:  - –∑–∞—Å—Ç—Ä–æ–π—â–∏–∫ –ë–∞–∑–∏—Å –ê  - —É—Å–ª—É–≥–∏ –∫–æ–Ω—Å—å–µ—Ä–∂–∞  - –ø—Ä–µ–∑–µ–Ω—Ç–∞–±–µ–ª—å–Ω—ã–µ –≤—Ö–æ–¥–Ω—ã–µ –≥—Ä—É–ø–ø—ã  - –±–µ–∑–æ–ø–∞—Å–Ω—ã–π –∏ –∑–∞–∫—Ä—ã—Ç—ã–π –¥–≤–æ—Ä  - –ø–æ–¥–∑–µ–º–Ω—ã–π –ø–∞—Ä–∫–∏–Ω–≥  - –¥–µ—Ç—Å–∫–∏–π –¥–≤–æ—Ä    –ö–í–ê–†–¢–ò–†–ê:  - –≤—ã—Å–æ–∫–∏–µ –ø–æ—Ç–æ–ª–∫–∏ 3–º  - 2 —Ö —ç—Ç–∞–∂–Ω—ã–π –ø–µ–Ω—Ö–∞—É—Å  2 —ç—Ç–∞–∂  - 1 –º–∞—Å—Ç–µ—Ä —Å–ø–∞–ª—å–Ω—è —Å–æ —Å–≤–æ–∏–º –≥–∞—Ä–¥–µ—Ä–æ–±–Ω–æ–π –∫–æ–º–Ω–∞—Ç–æ–π  - 2 —Å–ø–∞–ª—å–Ω–∏ –¥–ª—è –¥–µ—Ç–µ–π.  - –∏–≥—Ä–æ–≤–∞—è, –≥–æ—Å—Ç–µ–≤–∞—è  - —Å–∞–Ω —É–∑–µ–ª  1 —ç—Ç–∞–∂  - –ø—Ä–æ—Å—Ç–æ—Ä–Ω–∞—è –≥–æ—Å—Ç–∏–Ω–∞—è  - –∫–∞–±–∏–Ω–µ—Ç  - –∫—É—Ö–Ω—è  - –≥–æ—Ç–æ–≤–∫–∞  - —Ç–µ–ø–ª—ã–µ –ø–æ–ª—ã –Ω–∞ –∫—É—Ö–Ω–µ –∏ –≤ —Å–∞–Ω. —É–∑–ª–∞—Ö (–ø—Ä–∞–∫—Ç–∏—á–µ—Å–∫–∏ –Ω–µ –ø–æ–ª—å–∑—É—é—Ç—Å—è, —Ç–∞–∫ –∫–∞–∫ —Ç–µ–ø–ª–æ) - –æ—Ç–ª–∏—á–Ω–∞—è —à—É–º–æ–∏–∑–æ–ª—è—Ü–∏—è  - –≤—Å—è –±—ã—Ç–æ–≤–∞—è —Ç–µ—Ö–Ω–∏–∫–∞  - –≥–∞—Ä–¥–µ—Ä–æ–±–Ω—ã–µ –∫–æ–º–Ω–∞—Ç—ã –ø–æ–ª–Ω–æ—Å—Ç—å—é –æ–±–æ—Ä—É–¥–æ–≤–∞–Ω—ã —Å–∏—Å—Ç–µ–º–æ–π —Ö—Ä–∞–Ω–µ–Ω–∏—è  - —Ä–µ–º–æ–Ω—Ç –¥–µ–ª–∞–ª—Å—è –¥–ª—è —Å–µ–±—è, –∏—Å–ø–æ–ª—å–∑–æ–≤–∞–ª–∏—Å—å –¥–æ–±—Ä–æ—Ç–Ω—ã–µ –º–∞—Ç–µ—Ä–∏–∞–ª—ã  - –Ω–µ–∫–æ—Ç–æ—Ä–∞—è –º–µ–±–µ–ª—å –∏–∑ –ï–≤—Ä–æ–ø—ã  - 3 —Å–ø–∞–ª—å–Ω–æ–π –∫–æ–º–Ω–∞—Ç—ã, 2 —Å–∞–Ω. —É–∑–ª–∞, 2 –≥–∞—Ä–¥–µ—Ä–æ–±–Ω–æ–π –∫–æ–º–Ω–∞—Ç—ã, 1 –≥–æ—Ç–æ–≤–∫–∞, , 1 –∫–∞–±–∏–Ω–µ—å –≥–æ—Å—Ç–∏–Ω–∞—è, –∫—É—Ö–Ω—è, –±–∞–ª–∫–æ–Ω –∏ –ª–æ–¥–∂–∏—è  - 2 –ø–∞—Ä–∫–æ –º–µ—Å—Ç–æ –≤ —Ü–µ–Ω–µ    –î–û–ü. –ò–Ω–§:  - –Ω–∏–∫–æ–≥–¥–∞ –Ω–µ —Å–¥–∞–≤–∞–ª–∞—Å—å, –ø—Ä–æ–∂–∏–≤–∞–ª–∏ —Å–æ–±—Å—Ç–≤–µ–Ω–Ω–∏–∫–∏  - –≤ —Å–≤—è–∑–∏ —Å —Ä–∞—Å—à–∏—Ä–µ–Ω–∏–µ–º  - –ø—Ä–æ—à—É —Ä–µ–∞–ª—Ç–æ—Ä–æ–≤ –Ω–µ –±–µ—Å–ø–æ–∫–æ–∏—Ç—å, —Å–ø–∞—Å–∏–±–æ –∑–∞ –ø–æ–Ω–∏–º–∞–Ω–∏–µ",–ê—Å—Ç–∞–Ω–∞,2015,5 –∏–∑ 6,156 –º¬≤,—Ö–æ—Ä–æ—à–µ–µ
25,690628407,"1-–∫–æ–º–Ω–∞—Ç–Ω–∞—è –∫–≤–∞—Ä—Ç–∏—Ä–∞, 40 –º¬≤, 4/15 —ç—Ç–∞–∂, –¢–æ–ª–µ –±–∏ 14 ‚Äî –£–ª—ã –¥–∞–ª–∞",24 000 000„Äí,"–ñ–ö –î–∞—Å—Ç—É—Ä. –†–∞–π–æ–Ω –æ—Ç–ª–∏—á–Ω—ã–π –ª–µ–≤—ã–π –±–µ—Ä–µ–≥. –í–æ–∫—Ä—É–≥ –≤—Å–µ —Å–ø–æ—Ä—Ç–∏–≤–Ω—ã–µ –∫–æ–º–ø–ª–µ–∫—Å—ã –ê—Å—Ç–∞–Ω—ã, –ù–∞–∑–∞—Ä–±–∞–µ–≤—Å–∫–∏–π —É–Ω–∏–≤–µ—Ä—Å–∏—Ç–µ—Ç, –ù–ò–®, —à–∫–æ–ª–∞ –ê–ª–ø–∞–º—ã—Å, –ú–µ–≥–∞ –°–∏–ª–∫ –£–µ–π, –°–º–æ–ª–ª. –ö–≤–∞—Ä—Ç–∏—Ä–∞ –ø—Ä–æ—Å—Ç–æ—Ä–Ω–∞—è, —Ä–µ–º–æ–Ω—Ç —Å –Ω–µ–Ω–∞–≤—è–∑—á–∏–≤—ã–º, —Å–ø–æ–∫–æ–π–Ω—ã–º —Ä–µ–º–æ–Ω—Ç–∞–º. —à–∫–∞—Ñ—ã –∏–∑ –º–¥—Ñ –ø–ª–µ–Ω–∫–∏.",–ê—Å—Ç–∞–Ω–∞,2023,4 –∏–∑ 15,40 –º¬≤,—Ö–æ—Ä–æ—à–µ–µ
26,690363908,"1-–∫–æ–º–Ω–∞—Ç–Ω–∞—è –∫–≤–∞—Ä—Ç–∏—Ä–∞, 36.95 –º¬≤, 4/9 —ç—Ç–∞–∂, –ù–∞–∂–∏–º–µ–¥–µ–Ω–æ–≤–∞ 26 - –Ω–µ–¥–∞–ª–µ–∫–æ –æ—Ç –•–∞–∑—Ä–µ—Ç –°—É–ª—Ç–∞–Ω –º–µ—á–µ—Ç–∏ ‚Äî –ê–∑–µ—Ä–±–∞–µ–≤–∞",15 300 000„Äí,"–ü—Ä–æ–¥–∞–º 1-–∫–æ–º–Ω–∞—Ç–Ω—É—é –∫–≤–∞—Ä—Ç–∏—Ä—É –≤ –Ω–æ–≤–æ–º –¥–æ–º–µ, –ñ–ö Megapolis, —ç—Ç–æ –æ–≥—Ä–æ–º–Ω—ã–π –∂–∏–ª–æ–π –∫–≤–∞—Ä—Ç–∞–ª —Å–æ —Å–≤–æ–µ–π —Å–æ–±—Å—Ç–≤–µ–Ω–Ω–æ–π –∏–Ω—Ñ—Ä–∞—Å—Ç—Ä—É–∫—Ç—É—Ä–æ–π. –û—Ç–ª–∏—á–Ω–∞—è –ª–æ–∫–∞—Ü–∏—è, –ø–µ—Ä–µ—Å–µ—á–µ–Ω–∏—è —É–ª–∏—Ü –ê–∑–µ—Ä–±–∞–µ–≤–∞ –∏ –ù–∞–∂–∏–º–µ–¥–µ–Ω–æ–≤–∞. –í –ø–µ—à–µ–π –¥–æ—Å—Ç—É–ø–Ω–æ—Å—Ç–∏ –æ—Ç —Ç–µ–∞—Ç—Ä–∞ –ö—É–∞–Ω—ã—à–±–µ–∫–æ–≤–∞, –º–µ—á–µ—Ç—å –•–∞–∑—Ä–µ—Ç —Å—É–ª—Ç–∞–Ω, –ü–∏—Ä–∞–º–∏–¥–∞.  –†—è–¥–æ–º —Ç—Ä–∏ —à–∫–æ–ª—ã –∏ —á–µ—Ç—ã—Ä–µ –¥–µ—Ç—Å–∫–∏—Ö —Å–∞–¥–∞, —Ö–æ—Ä–æ—à–∞—è —Ç—Ä–∞–Ω—Å–ø–æ—Ä—Ç–Ω–∞—è —Ä–∞–∑–≤—è–∑–∫–∞ –≤ –ª—é–±—É—é —á–∞—Å—Ç—å –≥–æ—Ä–æ–¥–∞. –ù–µ–¥–∞–ª–µ–∫–æ –¥–µ–π—Å—Ç–≤—É—é—â–∞—è –ø–æ–ª–∏–∫–ª–∏–Ω–∏–∫–∞, –±–∞—Å—Å–µ–π–Ω –≤ —ç—Ç–æ–º –∂–µ –∑–¥–∞–Ω–∏–∏. –¶–µ–Ω–∞ –Ω–∏–∂–µ —Ä—ã–Ω–æ—á–Ω–æ–π, —Å—Ä–æ–∫ —Å–¥–∞—á–∏ 1-—ã–π –∫–≤–∞—Ä—Ç–∞–ª 2024 –≥–æ–¥–∞, –î–î–£.    - –∫–ª–∞—Å—Å ¬´–ö–æ–º—Ñ–æ—Ä—Ç+¬ª  - –ø–∞—Ä–∫–∏–Ω–≥  - –∑–∞–∫—Ä—ã—Ç—ã–π –¥–≤–æ—Ä  - –¥–µ—Ç—Å–∫–∏–µ –∏ —Å–ø–æ—Ä—Ç–∏–≤–Ω—ã–µ –ø–ª–æ—â–∞–¥–∫–∏  - –ª–∞–Ω–¥—à–∞—Ñ—Ç–Ω—ã–π –¥–∏–∑–∞–π–Ω  - –¥–∏–∑–∞–π–Ω–µ—Ä—Å–∫–∏–µ —Ö–æ–ª–ª—ã    –£—é—Ç–Ω—ã–π –¥–æ–º —É –ê–ª–ª–µ–∏ —Ç—ã—Å—è—á–µ–ª–µ—Ç–∏—è —Å —à–∏–∫–∞—Ä–Ω—ã–º —Ä–∞–π–æ–Ω–æ–º, –≤ –ø–ª–∞–Ω–∞—Ö 6 –±–ª–æ–∫–æ–≤. –ö–≤–∞—Ä—Ç–∏—Ä–∞ –Ω–∞ 4-–æ–º —ç—Ç–∞–∂–µ.",–ê—Å—Ç–∞–Ω–∞,2024,4 –∏–∑ 9,36.95 –º¬≤,—á–µ—Ä–Ω–æ–≤–∞—è –æ—Ç–¥–µ–ª–∫–∞
27,685968290,"1-–∫–æ–º–Ω–∞—Ç–Ω–∞—è –∫–≤–∞—Ä—Ç–∏—Ä–∞, 54.6 –º¬≤, –¢—É—Ä–∞–Ω 52/6",,"–°—Ç–∞—Ä–∞—è —Ü–µ–Ω–∞ -28 363 007 —Ç–µ–Ω–≥–µ–¶–µ–Ω—ã —É–∫–∞–∑–∞–Ω—ã —Å–æ —Å–∫–∏–¥–∫–æ–π. –°—Ä–æ–∫ –¥–µ–π—Å—Ç–≤–∏—è –∞–∫—Ü–∏–∏: —Å 01.01.2024 –ø–æ 31.01.2024 –≤–∫–ª—é—á–∏—Ç–µ–ª—å–Ω–æ!BUQAR JYRAU EXCLUSIVE ‚Äì —ç—Ç–æ –∏–¥–µ–∞–ª—å–Ω–æ–µ –º–µ—Å—Ç–æ –¥–ª—è —Ç–µ—Ö, –∫—Ç–æ —Ö–æ—á–µ—Ç –∂–∏—Ç—å –≤ –∫–æ–º—Ñ–æ—Ä—Ç–µ –∏ —Å–æ–≤—Ä–µ–º–µ–Ω–Ω–æ–º —Å—Ç–∏–ª–µ. –û–Ω —Ä–∞—Å–ø–æ–ª–æ–∂–µ–Ω –≤–±–ª–∏–∑–∏ –ë–æ—Ç–∞–Ω–∏—á–µ—Å–∫–æ–≥–æ —Å–∞–¥–∞, –≥–¥–µ –º–æ–∂–Ω–æ –Ω–∞—Å–ª–∞–¥–∏—Ç—å—Å—è –∫—Ä–∞—Å–æ—Ç–æ–π –ø—Ä–∏—Ä–æ–¥—ã –∏ –ø—Ä–æ–≤–µ—Å—Ç–∏ –≤—Ä–µ–º—è –Ω–∞ —Å–≤–µ–∂–µ–º –≤–æ–∑–¥—É—Ö–µ.–ü—Ä–µ–∏–º—É—â–µ—Å—Ç–≤–∞–ö—Ä–∞—Å–æ—Ç–∞BUQAR JYRAU EXCLUSIVE–Ω–µ –æ–≥—Ä–∞–Ω–∏—á–∏–≤–∞–µ—Ç—Å—è —Ç–æ–ª—å–∫–æ –≤–Ω–µ—à–Ω–∏–º –≤–∏–¥–æ–º. –í–Ω—É—Ç—Ä–∏ –≤—ã –Ω–∞–π–¥–µ—Ç–µ –≤—Å–µ —É–¥–æ–±—Å—Ç–≤–∞, –Ω–µ–æ–±—Ö–æ–¥–∏–º—ã–µ –¥–ª—è –∫–æ–º—Ñ–æ—Ä—Ç–Ω–æ–≥–æ –ø—Ä–æ–∂–∏–≤–∞–Ω–∏—è.üí•–ò–¥–µ–∞–ª—å–Ω–æ–µ —Ä–∞—Å–ø–æ–ª–æ–∂–µ–Ω–∏–µüí•–°–æ–±—Å—Ç–≤–µ–Ω–Ω—ã–π –ø—Ä–æ–º–µ–Ω–∞–¥üí•–ó–∞–∫—Ä—ã—Ç—ã–π –¥–≤–æ—Äüí•–ë–µ–∑–æ–ø–∞—Å–Ω—ã–π –¥–æ—Å—Ç—É–ø –ø–æ Face IDüí•–≠–ª–µ–∫—Ç—Ä–æ–Ω–Ω—ã–µ –∑–∞–º–∫–∏üí•–£–ª—É—á—à–µ–Ω–Ω–∞—è —à—É–º–æ–∏–∑–æ–ª—è—Ü–∏—èüí•–ë–µ—Å–∫–æ–Ω—Ç–∞–∫—Ç–Ω—ã–π –¥–æ—Å—Ç—É–ø –≤ –ø–∞—Ä–∫–∏–Ω–≥üí•–ó–∞—Ä—è–¥–Ω—ã–µ —Å—Ç–∞–Ω—Ü–∏–∏ –¥–ª—è —ç–ª–µ–∫—Ç—Ä–æ–º–æ–±–∏–ª–µ–πüí•–°–∫–æ—Ä–æ—Å—Ç–Ω—ã–µ –±–µ—Å—à—É–º–Ω—ã–µ –ª–∏—Ñ—Ç—ãüí•–ö–æ–ª—è—Å–æ—á–Ω–∞—è –∑–æ–Ω–∞ –∏ –∑–æ–Ω–∞ –æ–∂–∏–¥–∞–Ω–∏—è —Å –≤–∏–¥–æ–º –Ω–∞ –¥–µ—Ç—Å–∫–∏–µ –ø–ª–æ—â–∞–¥–∫–∏–ë–ª–∞–≥–æ—É—Å—Ç—Ä–æ–π—Å—Ç–≤–æ–°–æ–±—Å—Ç–≤–µ–Ω–Ω—ã–π –¥–≤–æ—Ä –ø–∞—Ä–∫–ü—Ä–æ–≥—É–ª–æ—á–Ω—ã–µ –∞–ª–ª–µ–∏–î–µ—Ç—Å–∫–∏–µ –∏–≥—Ä–æ–≤—ã–µ –∫–æ–º–ø–ª–µ–∫—Å—ãStreet workout–£–Ω–∏–≤–µ—Ä—Å–∞–ª—å–Ω–æ–µ –∏–≥—Ä–æ–≤–æ–µ –ø–æ–ª–µ–î–≤–æ—Ä –∫–æ–º–ø–ª–µ–∫—Å–∞ –±—É–¥–µ—Ç –∑–∞–∫—Ä—ã—Ç—ã–º –∏ –±–µ–∑–æ–ø–∞—Å–Ω—ã–º –¥–ª—è –ø—Ä–æ–∂–∏–≤–∞–Ω–∏—è–î–∏–∑–∞–π–Ω–µ—Ä—Å–∫–∏–π —Ö–æ–ª–ª - —Ö–æ–ª–ª –ø–æ–¥—ä–µ–∑–¥–∞ –±—É–¥–µ—Ç –≤—ã–ø–æ–ª–Ω–µ–Ω –≤ –¥–∏–∑–∞–π–Ω–µ—Ä—Å–∫–æ–º —Å—Ç–∏–ª–µ, —Å —Å–æ—á–µ—Ç–∞–Ω–∏–µ–º —Å–ø–æ–∫–æ–π–Ω—ã—Ö –æ—Ç—Ç–µ–Ω–∫–æ–≤ –∏ —Å–æ–≤—Ä–µ–º–µ–Ω–Ω—ã—Ö –º–∞—Ç–µ—Ä–∏–∞–ª–æ–≤.–ò–Ω—Ñ—Ä–∞—Å—Ç—Ä—É–∫—Ç—É—Ä–∞–ñ–∏–ª–æ–π –∫–≤–∞—Ä—Ç–∞–ª BUQAR JYRAU-–Ω–∞—à –ø–µ—Ä–≤—ã–π –ø—Ä–æ–µ–∫—Ç —Å —Å–æ–±—Å—Ç–≤–µ–Ω–Ω—ã–º –ø—Ä–æ–º–µ–Ω–∞–¥–æ–º –Ω–∞ –∑–∞–¥–Ω–µ–º –¥–≤–æ—Ä–µ. –ì—É–ª—è—Ç—å –≤–º–µ—Å—Ç–µ —Å —Å–µ–º—å–µ–π –∏ –æ—Ç–¥—ã—Ö–∞—Ç—å –Ω–∞ —Å–≤–µ–∂–µ–º –≤–æ–∑–¥—É—Ö–µ –º–æ–∂–Ω–æ –ø—Ä—è–º–æ —Ä—è–¥–æ–º —Å –¥–æ–º–æ–º. –ù–∞ –ø–µ—Ä–≤—ã—Ö —ç—Ç–∞–∂–∞—Ö –¥–æ–º–æ–≤ –æ—Ç–∫—Ä–æ—é—Ç—Å—è –º–∞–≥–∞–∑–∏–Ω—ã –∏ –∫–∞—Ñ–µ. –ü–æ–±–ª–∏–∑–æ—Å—Ç–∏ –µ—Å—Ç—å —à–∫–æ–ª—ã, –¥–µ—Ç—Å–∫–∏–µ —Å–∞–¥—ã, —Å–ø–æ—Ä—Ç–∏–≤–Ω—ã–µ –æ–±—å–µ–∫—Ç—ã –∏ —Ç–æ—Ä–≥–æ–≤—ã–µ —Ü–µ–Ω—Ç—Ä—ã. –í—ã–≥–ª—è–¥—ã–≤–∞—è —Å –æ–∫–æ–Ω –Ω–∞ –ë–æ—Ç–∞–Ω–∏—á–µ—Å–∫–∏–π —Å–∞–¥, –≤—Å—è –≥–æ—Ä–æ–¥—Å–∫–∞—è —Å—É–µ—Ç–∞ –∫–∞–∂–µ—Ç—Å—è –¥–∞–ª–µ–∫–æ–π –∏ –Ω–µ–∑–Ω–∞—á–∏—Ç–µ–ª—å–Ω–æ–π.–£–¥–æ–±–Ω–æ–µ —Ä–∞—Å–ø–æ–ª–æ–∂–µ–Ω–∏–µ –ø—Ä–µ—Å—Ç–∏–∂–Ω—ã—Ö —à–∫–æ–ª –∏ –∏–≥—Ä–æ–≤—ã—Ö —Ü–µ–Ω—Ç—Ä–æ–≤:Ingenium–®–∫–æ–ª–∞-–ª–∏—Ü–µ–π ‚Ññ85–®–∫–æ–ª–∞-–ª–∏—Ü–µ–π ‚Ññ84–î–µ—Ç—Å–∫–∏–µ —Å–∞–¥—ã–°–ø–æ—Ä—Ç–∏–≤–Ω—ã–µ –∞—Ä–µ–Ω—ã –≤ —à–∞–≥–æ–≤–æ–π –¥–æ—Å—Ç—É–ø–Ω–æ—Å—Ç–∏–ó–∞–Ω—è—Ç–∏–µ —Ö–æ–∫–∫–µ–µ–º–ö–∞—Ç–∞–Ω–∏—è –Ω–∞ –∫–æ–Ω—å–∫–∞—Ö–§—É—Ç–±–æ–ª–õ–µ–≥–∫–∞—è –∞—Ç–ª–µ—Ç–∏–∫–∞–•–æ–¥–∏—Ç—å –≤ –±–∞—Å—Å–µ–π–Ω",–ê—Å—Ç–∞–Ω–∞,2024,,54.6 –º¬≤,
28,690256474,"3-–∫–æ–º–Ω–∞—Ç–Ω–∞—è –∫–≤–∞—Ä—Ç–∏—Ä–∞, 78.5 –º¬≤, 5/15 —ç—Ç–∞–∂, –°—ã–≥–∞–Ω–∞–∫ 17",60 000 000„Äí,"–ü—Ä–æ–¥–∞—ë—Ç—Å—è 3-–∫–æ–º–Ω–∞—Ç–Ω–∞—è –∫–≤–∞—Ä—Ç–∏—Ä–∞ –≤ –∂–∏–ª–æ–º –∫–æ–º–ø–ª–µ–∫—Å–µ ""–ó–µ–ª–µ–Ω—ã–π –∫–≤–∞—Ä—Ç–∞–ª"" !    –£–¥–æ–±–Ω–∞—è –ø–ª–∞–Ω–∏—Ä–æ–≤–∫–∞, –ø—Ä–æ—Å—Ç–æ—Ä–Ω—ã–µ –∫–æ–º–Ω–∞—Ç—ã, —Å–≤–µ–∂–∏–π –≤–æ–∑–¥—É—Ö –∏ –∑–µ–ª—ë–Ω–∞—è —Ç–µ—Ä—Ä–∏—Ç–æ—Ä–∏—è.    –í –¥–æ–º–µ –µ—Å—Ç—å —Ñ–∏—Ç–Ω–µ—Å –∑–∞–ª Invictus, –¥–µ—Ç—Å–∫–æ–µ –∏–≥—Ä–æ–≤–æ–µ –ø—Ä–æ—Å—Ç—Ä–∞–Ω—Å—Ç–≤–æ, –±–æ–ª—å—à–æ–π –º–æ–ª–ª, –∏ –≤—Å–µ —ç—Ç–æ –¥–æ—Å—Ç—É–ø–Ω–æ –¥–ª—è –∂–∏—Ç–µ–ª–µ–π –∫–æ–º–ø–ª–µ–∫—Å–∞. –ó–≤–æ–Ω–∏—Ç–µ –ø–æ —É–∫–∞–∑–∞–Ω–Ω–æ–º—É –Ω–æ–º–µ—Ä—É –¥–ª—è –ø—Ä–æ—Å–º–æ—Ç—Ä–∞ –∏ –ø–æ–ª—É—á–µ–Ω–∏—è –¥–æ–ø–æ–ª–Ω–∏—Ç–µ–ª—å–Ω–æ–π –∏–Ω—Ñ–æ—Ä–º–∞—Ü–∏–∏.",–ê—Å—Ç–∞–Ω–∞,2017,5 –∏–∑ 15,78.5 –º¬≤,—Ö–æ—Ä–æ—à–µ–µ
29,683999313,"1-–∫–æ–º–Ω–∞—Ç–Ω–∞—è –∫–≤–∞—Ä—Ç–∏—Ä–∞, 55.86 –º¬≤, —Ç—Ä–∞—Å—Å–∞ –ê—Å—Ç–∞–Ω–∞-–ö–∞—Ä–∞–≥–∞–Ω–¥–∞ 4/3",,"–ù–æ—á—å —Å–∫–∏–¥–æ–∫ 11 –Ω–æ—è–±—Ä—è —Å 18.00 –¥–æ —É—Ç—Ä–∞–ñ–∏–ª–æ–π –∫–æ–º–ø–ª–µ–∫—Å Yrys ‚Äì —ç—Ç–æ –º–µ—Å—Ç–æ, –≥–¥–µ –∫–æ–º—Ñ–æ—Ä—Ç –∏ —É–¥–æ–±—Å—Ç–≤–æ —Å–ª–∏–≤–∞—é—Ç—Å—è –≤–æ–µ–¥–∏–Ω–æ. –ò–º–µ–Ω–Ω–æ —ç—Ç–æ –º–µ—Å—Ç–æ, –≥–¥–µ –≤—ã –Ω–∞–π–¥–µ—Ç–µ –∏–∑–æ–±–∏–ª–∏–µ.–ü—Ä–µ–∏–º—É—â–µ—Å—Ç–≤–∞:üí•–î–µ—Ç—Å–∫–∏–µ –ø–ª–æ—â–∞–¥–∫–∏üí•–ó–æ–Ω—ã –¥–ª—è –æ—Ç–¥—ã—Ö–∞üí•–°–æ–±—Å—Ç–≤–µ–Ω–Ω—ã–π –ø–∞—Ä–∫–∏–Ω–≥üí•–í—ã—Å–æ–∫–∏–µ –ø–æ—Ç–æ–ª–∫–∏–ú–µ—Å—Ç–æ–ø–æ–ª–æ–∂–µ–Ω–∏–µ–ñ–∏–ª–æ–π –∫–æ–º–ø–ª–µ–∫—Å –Ω–∞—Ö–æ–¥–∏—Ç—Å—è –≤ —É–¥–æ–±–Ω–æ–º –º–µ—Å—Ç–µ, –Ω–µ–¥–∞–ª–µ–∫–æ –æ—Ç –≥–∏–ø–µ—Ä–º–∞—Ä–∫–µ—Ç–∞ Metro.–ê—Ä—Ö–∏—Ç–µ–∫—Ç—É—Ä–∞–î–æ–º –∫–æ–º—Ñ–æ—Ä—Ç –∫–ª–∞—Å—Å–∞, —Å–æ—Å—Ç–æ–∏—Ç –∏–∑ 4 –±–ª–æ–∫–æ–≤, –ø–æ 9 —ç—Ç–∞–∂–µ–π.–í –∂–∏–ª–æ–º –∫–æ–º–ø–ª–µ–∫—Å–µ Yrys –≤—ã —Å–º–æ–∂–µ—Ç–µ –Ω–∞—Å–ª–∞–¥–∏—Ç—å—Å—è –≤—Å–µ–º–∏ —É–¥–æ–±—Å—Ç–≤–∞–º–∏ –≥–æ—Ä–æ–¥–∞. –î–æ–º, –ø–æ—Å—Ç—Ä–æ–µ–Ω–Ω—ã–π –∏–∑ –∫—Ä–∞—Å–Ω–æ–≥–æ –∫–∏—Ä–ø–∏—á–∞ –∏ –∏—Å–ø–æ–ª—å–∑–æ–≤–∞–Ω–Ω—ã–π –ø—Ä–∏ —Å—Ç—Ä–æ–∏—Ç–µ–ª—å—Å—Ç–≤–µ, –ø—Ä–∏–¥–∞–µ—Ç –¥–æ–º—É —É–Ω–∏–∫–∞–ª—å–Ω—ã–π –∏ –∫—Ä–∞—Å–∏–≤—ã–π –≤–∏–¥. –í—ã—Å–æ–∫–∏–µ –ø–æ—Ç–æ–ª–∫–∏ –≤ –∫–≤–∞—Ä—Ç–∏—Ä–∞—Ö –¥–æ–ø–æ–ª–Ω—è—Ç –æ–±—â—É—é –∞—Ç–º–æ—Å—Ñ–µ—Ä—É –ø—Ä–æ—Å—Ç–æ—Ä–∞ –∏ —Å–≤–µ—Ç–ª–æ—Å—Ç–∏. –í—ã –±—É–¥–µ—Ç–µ —Ä–∞–¥–æ–≤–∞—Ç—Å—è —É—é—Ç—É –∏ –ø—Ä–æ—Å—Ç–æ—Ä–Ω–æ–π –∫–≤–∞—Ä—Ç–∏—Ä–µ —Å –∫–æ–º—Ñ–æ—Ä—Ç–Ω—ã–º –∫–ª–∏–º–∞—Ç–æ–º –∑–∏–º–æ–π +22 –≥—Ä–∞–¥—É—Å–∞.–ë–ª–∞–≥–æ—É—Å—Ç—Ä–æ–π—Å—Ç–≤–æ–í –¥–∞–Ω–Ω–æ–º –∂–∏–ª–æ–º –∫–æ–º–ø–ª–µ–∫—Å–µ –º—ã —É–¥–µ–ª—è–µ–º –≤–Ω–∏–º–∞–Ω–∏–µ –∫–∞—á–µ—Å—Ç–≤—É –∂–∏–∑–Ω–∏ –¥–ª—è –≤—Å–µ—Ö —á–ª–µ–Ω–æ–≤ —Å–µ–º—å–∏, –≤ —Ç–æ–º —á–∏—Å–ª–µ –∏ –¥–ª—è –¥–µ—Ç–µ–π. –î–ª—è –Ω–∏—Ö –º—ã –ø—Ä–µ–¥—É—Å–º–æ—Ç—Ä–µ–ª–∏ –¥–µ—Ç—Å–∫–∏–µ –ø–ª–æ—â–∞–¥–∫–∏, –≥–¥–µ –æ–Ω–∏ —Å–º–æ–≥—É—Ç –±–µ–∑–æ–ø–∞—Å–Ω–æ –∏ –≤–µ—Å–µ–ª–æ –ø—Ä–æ–≤–æ–¥–∏—Ç—å —Å–≤–æ–µ –≤—Ä–µ–º—è. –ê –¥–ª—è –≤–∞—à–µ–≥–æ —É–¥–æ–±—Å—Ç–≤–∞ –º—ã –ø—Ä–µ–¥—É—Å–º–æ—Ç—Ä–µ–ª–∏ –ø–∞—Ä–∫–æ–≤–∫–∏, —á—Ç–æ–±—ã –≤—ã –Ω–µ –∑–∞—Ç—Ä–∞—á–∏–≤–∞–ª–∏ –≤—Ä–µ–º—è –Ω–∞ –ø–æ–∏—Å–∫ –º–µ—Å—Ç–∞ –¥–ª—è –≤–∞—à–µ–≥–æ –∞–≤—Ç–æ–º–æ–±–∏–ª—è.–ù–µ –ø—Ä–æ–ø—É—Å—Ç–∏—Ç–µ —à–∞–Ω—Å –æ–ø—ã—Ç–∞ –∂–∏–∑–Ω–∏ –≤ –∫–æ–º—Ñ–æ—Ä—Ç–µ - –ø—Ä–∏–æ–±—Ä–µ—Ç–∏—Ç–µ —Å–≤–æ—é –∫–≤–∞—Ä—Ç–∏—Ä—É –≤ –∂–∏–ª–æ–º –∫–æ–º–ø–ª–µ–∫—Å–µ Yrys —É–∂–µ —Å–µ–≥–æ–¥–Ω—è!",–ê—Å—Ç–∞–Ω–∞,2024,,55.86 –º¬≤,
30,689995794,"2-–∫–æ–º–Ω–∞—Ç–Ω–∞—è –∫–≤–∞—Ä—Ç–∏—Ä–∞, 75 –º¬≤, 3/9 —ç—Ç–∞–∂, –¢—É—Ä–∫–µ—Å—Ç–∞–Ω 10",46 000 000„Äí,"–ü–ª–∞—Å—Ç–∏–∫–æ–≤—ã–µ –æ–∫–Ω–∞, –Ω–µ—É–≥–ª–æ–≤–∞—è, –∫–æ–º–Ω–∞—Ç—ã –∏–∑–æ–ª–∏—Ä–æ–≤–∞–Ω—ã, –≤—Å—Ç—Ä–æ–µ–Ω–Ω–∞—è –∫—É—Ö–Ω—è, —Å—á—ë—Ç—á–∏–∫–∏, —Ç–∏—Ö–∏–π –¥–≤–æ—Ä.–ü—Ä–æ–¥–∞–º –∫–≤–∞—Ä—Ç–∏—Ä—É –≤ –ñ–ö –ö–æ—Ä–∫–µ–º 2. –†–∞—Å–ø–∞—à–æ–Ω–∫–∞, –æ–∫–Ω–∞ —Å–º–æ—Ç—Ä—è—Ç –≤–æ –¥–≤–æ—Ä –∏ –Ω–∞ –¥–µ—Ç. —Å–∞–¥. –ë–æ–ª—å—à–æ–π –¥–≤–æ—Ä. –¢–µ–ø–ª–∞—è, —Å—É—Ö–∞—è –Ω–µ —É–≥–ª–æ–≤–∞—è. –ù–∞ –ø–ª–æ—â–∞–¥–∫–µ 4 –∫–≤–∞—Ä—Ç–∏—Ä—ã –≤—Å–µ —Ö–æ–∑—è–µ–≤–∞ —Å–æ–±—Å—Ç–≤–µ–Ω–Ω–∏–∫–∏. –ú—ã –ø–µ—Ä–≤—ã–µ —Ö–æ–∑—è–µ–≤–∞ –∂–∏–≤–µ–º —Å –º–æ–º–µ–Ω—Ç–∞ –ø–æ—Å—Ç—Ä–æ–π–∫–∏ –¥–æ–º–∞. –†—è–¥–æ–º –º–Ω–æ–≥–æ —à–∫–æ–ª –∏ –¥–µ—Ç. —Å–∞–¥–æ–≤. –ß–µ—Ä–µ–∑ –¥–æ—Ä–æ–≥—É –±–æ—Ç–∞–Ω–∏—á–µ—Å–∫–∏–π —Å–∞–¥. –¢–æ—Ä–≥",–ê—Å—Ç–∞–Ω–∞,2016,3 –∏–∑ 9,75 –º¬≤,—Ö–æ—Ä–æ—à–µ–µ
31,685456069,"4-–∫–æ–º–Ω–∞—Ç–Ω–∞—è –∫–≤–∞—Ä—Ç–∏—Ä–∞, 174 –º¬≤, 6/6 —ç—Ç–∞–∂, –ù–∞–∂–∏–º–µ–¥–µ–Ω–æ–≤–∞ 14/1",130 000 000„Äí,"–í –ø—Ä–æ–¥–∞–∂–µ —à–∏–∫–∞—Ä–Ω–∞—è –∫–≤–∞—Ä—Ç–∏—Ä–∞ –≤ –æ–¥–Ω–æ–º –∏–∑ –ª—É—á—à–∏—Ö –¥–æ–º–æ–≤ –ø—Ä–µ–º–∏—É–º –∫–ª–∞—Å—Å–∞, —Ä–µ–º–æ–Ω—Ç –≤—ã–ø–æ–ª–Ω–µ–Ω –∏–∑ –∫–∞—á–µ—Å—Ç–≤–µ–Ω–Ω—ã—Ö –∏ –ø—Ä–µ–º–∏–∞–ª—å–Ω—ã—Ö –º–∞—Ç–µ—Ä–∏–∞–ª–æ–≤, –ø–æ–ª–Ω–æ—Å—Ç—å—é –º–µ–±–ª–∏—Ä–æ–≤–∞–Ω–∞, –±—ã—Ç–æ–≤–∞—è —Ç–µ—Ö–Ω–∏–∫–∞ ‚ÄúSmeg‚Äù, —Å–∞–Ω—Ç–µ—Ö–Ω–∏–∫–∞ ‚ÄúGrohe‚Äù.   –°–∞—Ç—ã–ª—ã–º–¥–∞ –µ“£ –∂–∞“õ—Å—ã –ø—Ä–µ–º–∏—É–º –∫–ª–∞—Å—Å—Ç–∞“ì—ã “Ø–π–ª–µ—Ä–¥—ñ“£ –±—ñ—Ä—ñ–Ω–¥–µ–≥—ñ —Å”ô–Ω–¥—ñ –ø”ô—Ç–µ—Ä, –∂”©–Ω–¥–µ—É –∂“±–º—ã—Å—Ç–∞—Ä—ã –∂–æ“ì–∞—Ä—ã —Å–∞–ø–∞–ª—ã –∂”ô–Ω–µ –ø—Ä–µ–º–∏—É–º –º–∞—Ç–µ—Ä–∏–∞–ª–¥–∞—Ä–¥–∞–Ω –∂–∞—Å–∞–ª“ì–∞–Ω, —Ç–æ–ª—ã“õ –∂–∏“ª–∞–∑–¥–∞–ª“ì–∞–Ω, Smeg —Ç“±—Ä–º—ã—Å—Ç—ã“õ —Ç–µ—Ö–Ω–∏–∫–∞—Å—ã, Grohe —Å–∞–Ω—Ç–µ—Ö–Ω–∏–∫–∞—Å—ã.",–ê—Å—Ç–∞–Ω–∞,2015,6 –∏–∑ 6,174 –º¬≤,—Ö–æ—Ä–æ—à–µ–µ
32,674013898,"2-–∫–æ–º–Ω–∞—Ç–Ω–∞—è –∫–≤–∞—Ä—Ç–∏—Ä–∞, 65.94 –º¬≤, –ê–±–∞—è 10/1",,"–°–¥–∞—á–∞ IV –±–ª–æ–∫–∞ - 2 –∫–≤–∞—Ä—Ç–∞–ª 2024 –≥–æ–¥–∞–ü—Ä–æ–≥—Ä–∞–º–º–∞ ""7-20-25"" –Ω–µ –¥–µ–π—Å—Ç–≤—É–µ—Ç –¥–ª—è –¥–∞–Ω–Ω–æ–π –∫–≤–∞—Ä—Ç–∏—Ä—ã–ñ–ö ¬´–°—Ç–æ–ª–∏—á–Ω—ã–π-2¬ª –∫–æ–º—Ñ–æ—Ä—Ç-–∫–ª–∞—Å—Å–∞ –æ—Ç–ª–∏—á–∞–µ—Ç—Å—è –æ—Ä–∏–≥–∏–Ω–∞–ª—å–Ω—ã–º –¥–∏–∑–∞–π–Ω–µ—Ä—Å–∫–∏–º —Ä–µ—à–µ–Ω–∏–µ–º —Ñ–∞—Å–∞–¥–∞ ‚Äì –≤ –Ω–µ–º –ø—Ä–∏—á—É–¥–ª–∏–≤–æ —Å–æ–µ–¥–∏–Ω–∏–ª–∏—Å—å —Å–æ–≤—Ä–µ–º–µ–Ω–Ω—ã–µ –µ–≤—Ä–æ–ø–µ–π—Å–∫–∏–µ –∏ –≤–æ—Å—Ç–æ—á–Ω—ã–µ –∏–¥–µ–∏. –≠—Ç–æ –≤—Ç–æ—Ä–∞—è –æ—á–µ—Ä–µ–¥—å –∏–∑–≤–µ—Å—Ç–Ω–æ–≥–æ –∫–æ–º–ø–ª–µ–∫—Å–∞ –æ—Ç TOO MERIDAN stroy LTD. –ù–æ–≤–æ—Å—Ç—Ä–æ–π–∫–∞ —Ä–∞—Å–ø–æ–ª–æ–∂–µ–Ω–∞ –≤ –∞–∫—Ç–∏–≤–Ω–æ –∑–∞—Å—Ç—Ä–∞–∏–≤–∞–µ–º–æ–º —Ä–∞–π–æ–Ω–µ –ê—Å—Ç–∞–Ω—ã, –≥–¥–µ –º–æ–∂–Ω–æ –Ω–∞–π—Ç–∏ –≤—Å–µ –Ω–µ–æ–±—Ö–æ–¥–∏–º–æ–µ –¥–ª—è –∫–æ–º—Ñ–æ—Ä—Ç–Ω–æ–≥–æ –ø—Ä–æ–∂–∏–≤–∞–Ω–∏—è.–ü—Ä–µ–∏–º—É—â–µ—Å—Ç–≤–∞ –ñ–ö:üí•–£—é—Ç–Ω—ã–µ –∫–≤–∞—Ä—Ç–∏—Ä—ã –≤ –∏–Ω—Ç–µ—Ä–µ—Å–Ω—ã—Ö –ø–ª–∞–Ω–∏—Ä–æ–≤–∫–∞—Ö;üí•–í—Ç–æ—Ä–æ–π ‚Äì –≥–æ—Å—Ç–µ–≤–æ–π ‚Äì —Å–∞–Ω—É–∑–µ–ª –≤ —á–∞—Å—Ç–∏ –∫–≤–∞—Ä—Ç–∏—Ä;üí•–ü—Ä–æ–¥—É–º–∞–Ω–Ω–∞—è –ø—Ä–∏–¥–æ–º–æ–≤–∞—è —Ç–µ—Ä—Ä–∏—Ç–æ—Ä–∏—è ‚Äì –Ω–∏—á–µ–≥–æ –ª–∏—à–Ω–µ–≥–æ;üí•–ú–∞–≥–∞–∑–∏–Ω –∏ –¥–µ—Ç—Å–∫–∏–π —Å–∞–¥ –Ω–∞ —Ç–µ—Ä—Ä–∏—Ç–æ—Ä–∏–∏ –∫–æ–º–ø–ª–µ–∫—Å–∞;üí•–ö—Ä—É–≥–ª–æ—Å—É—Ç–æ—á–Ω–æ–µ –≤–∏–¥–µ–æ–Ω–∞–±–ª—é–¥–µ–Ω–∏–µ.üí• –í–∏–¥–µ–æ–¥–æ–º–æ—Ñ–æ–Ω—ã, –∫–≤–∞—Ä—Ç–∏—Ä–Ω—ã–µ –¥–≤–µ—Ä–∏ —Å —ç–ª–µ–∫—Ç—Ä–æ–Ω–Ω—ã–º –∑–∞–º–∫–æ–º–õ–æ–∫–∞—Ü–∏—è–ñ–ö ¬´–°—Ç–æ–ª–∏—á–Ω—ã–π-2¬ª –≤–æ–∑–≤–æ–¥–∏—Ç—Å—è –≤ –æ—Ç–ª–∏—á–Ω–æ–º, –∞–∫—Ç–∏–≤–Ω–æ —Ä–∞–∑–≤–∏–≤–∞—é—â–µ–º—Å—è —Ä–∞–π–æ–Ω–µ –ê—Å—Ç–∞–Ω—ã ‚Äì –°–∞—Ä—ã–∞—Ä–∫–∞, –Ω–∞ –ø—Ä–æ—Å–ø–µ–∫—Ç–µ –ê–±–∞—è, –Ω–µ–¥–∞–ª–µ–∫–æ –æ—Ç –Ω–∞–±–µ—Ä–µ–∂–Ω–æ–π —Ä–µ–∫–∏ –ï—Å–∏–ª—å. –ù–æ–≤–æ—Å—Ç—Ä–æ–π–∫–∞ —Ä–∞—Å–ø–æ–ª–æ–∂–µ–Ω–∞ –≤ —à–∞–≥–æ–≤–æ–π –¥–æ—Å—Ç—É–ø–Ω–æ—Å—Ç—å –∫–æ –≤—Å–µ–º –Ω–µ–æ–±—Ö–æ–¥–∏–º—ã–º —Å–æ—Ü–∏–∞–ª—å–Ω–æ-–±—ã—Ç–æ–≤—ã–º –æ–±—ä–µ–∫—Ç–∞–º.–ò–Ω—Ñ—Ä–∞—Å—Ç—Ä—É–∫—Ç—É—Ä–∞ —Ä–∞–π–æ–Ω–∞–í —à–∞–≥–æ–≤–æ–π –¥–æ—Å—Ç—É–ø–Ω–æ—Å—Ç–∏ –æ—Ç –ñ–ö ¬´–°—Ç–æ–ª–∏—á–Ω—ã–π-2¬ª –Ω–∞—Ö–æ–¥—è—Ç—Å—è:–º–∞–≥–∞–∑–∏–Ω —Å —Ç–æ–≤–∞—Ä–∞–º–∏ –ø–µ—Ä–≤–æ–π –Ω–µ–æ–±—Ö–æ–¥–∏–º–æ—Å—Ç–∏;—à–∫–æ–ª–∞;–¥–µ—Ç—Å–∫–∏–π —Å–∞–¥;—Å–∫–≤–µ—Ä;–ø–æ–ª–∏–∫–ª–∏–Ω–∏–∫–∞.–í –Ω–µ–ø–æ—Å—Ä–µ–¥—Å—Ç–≤–µ–Ω–Ω–æ–π –±–ª–∏–∑–æ—Å—Ç–∏ –æ—Ç –∫–æ–º–ø–ª–µ–∫—Å–∞ –Ω–∞—Ö–æ–¥—è—Ç—Å—è –Ω–µ—Å–∫–æ–ª—å–∫–æ –º–∞–≥–∞–∑–∏–Ω–æ–≤ —Ä–∞–∑–Ω–æ–≥–æ –ø—Ä–æ—Ñ–∏–ª—è, –±–∞–Ω–∫–æ–≤—Å–∫–∏–µ –∏ –ø–æ—á—Ç–æ–≤—ã–µ –æ—Ç–¥–µ–ª–µ–Ω–∏—è, –∫–∞—Ñ–µ, —Ä–µ—Å—Ç–æ—Ä–∞–Ω—ã, —Å–ø–æ—Ä—Ç–∏–≤–Ω—ã–µ –∑–∞–ª—ã, —Å–ø–∞-—Å–∞–ª–æ–Ω—ã, –ø–∞—Ä–∏–∫–º–∞—Ö–µ—Ä—Å–∫–∏–µ. –°–æ–≤—Å–µ–º —Ä—è–¥–æ–º –æ—Ç—Å—é–¥–∞ —Ä–∞—Å–ø–æ–ª–æ–∂–µ–Ω –ü—Ä–µ–∑–∏–¥–µ–Ω—Ç—Å–∫–∏–π —Å–∫–≤–µ—Ä.–¢—Ä–∞–Ω—Å–ø–æ—Ä—Ç–Ω–∞—è –¥–æ—Å—Ç—É–ø–Ω–æ—Å—Ç—å–ü–æ —Å–æ—Å–µ–¥—Å—Ç–≤—É —Å –ñ–ö ¬´–°—Ç–æ–ª–∏—á–Ω—ã–π-2¬ª (–ê—Å—Ç–∞–Ω–∞) –Ω–∞—Ö–æ–¥–∏—Ç—Å—è –æ—Å—Ç–∞–Ω–æ–≤–∫–∞ –æ–±—â–µ—Å—Ç–≤–µ–Ω–Ω–æ–≥–æ —Ç—Ä–∞–Ω—Å–ø–æ—Ä—Ç–∞. –ù–µ–¥–∞–ª–µ–∫–æ –ø—Ä–æ—Ö–æ–¥—è—Ç –≤–∞–∂–Ω—ã–µ —Ç—Ä–∞–Ω—Å–ø–æ—Ä—Ç–Ω—ã–µ –º–∞–≥–∏—Å—Ç—Ä–∞–ª–∏ —Å—Ç–æ–ª–∏—Ü—ã, –ø–æ –Ω–∏–º –º–æ–∂–Ω–æ –±—ã—Å—Ç—Ä–æ –ø–æ–ø–∞—Å—Ç—å –≤ –ª—é–±–æ–π —Ä–∞–π–æ–Ω –≥–æ—Ä–æ–¥–∞.–û—Å–æ–±–µ–Ω–Ω–æ—Å—Ç–∏ –Ω–æ–≤–æ—Å—Ç—Ä–æ–π–∫–∏¬´–°—Ç–æ–ª–∏—á–Ω—ã–π-2¬ª ‚Äì –ñ–ö –∏–∑ –¥–≤—É—Ö –∂–∏–ª—ã—Ö —Å–µ–∫—Ü–∏–π –ø–æ 24 —ç—Ç–∞–∂–∞ –∫–∞–∂–¥–∞—è. –ù–æ–≤–æ—Å—Ç—Ä–æ–π–∫–∞ –≤–æ–∑–≤–æ–¥–∏—Ç—Å—è –ø–æ –∂–µ–ª–µ–∑–æ–±–µ—Ç–æ–Ω–Ω–æ–π –º–æ–Ω–æ–ª–∏—Ç–Ω–æ–π —Ç–µ—Ö–Ω–æ–ª–æ–≥–∏–∏. –ù–∞—Ä—É–∂–Ω—ã–µ —Å—Ç–µ–Ω—ã –æ–±—à–∏–≤–∞—é—Ç—Å—è –≥–∞–∑–æ–±–µ—Ç–æ–Ω–Ω—ã–º–∏ –±–ª–æ–∫–∞–º–∏. –û–Ω–∏ –∂–µ –∏—Å–ø–æ–ª—å–∑—É—é—Ç—Å—è –¥–ª—è –≤–æ–∑–≤–µ–¥–µ–Ω–∏—è –º–µ–∂–∫–≤–∞—Ä—Ç–∏—Ä–Ω—ã—Ö –∏ –º–µ–∂–∫–æ–º–Ω–∞—Ç–Ω—ã—Ö —Å—Ç–µ–Ω. –î–ª—è —É—Ç–µ–ø–ª–µ–Ω–∏—è, –≥–∏–¥—Ä–æ- –∏ —à—É–º–æ–∏–∑–æ–ª—è—Ü–∏–∏ –∑–¥–∞–Ω–∏–π –∏—Å–ø–æ–ª—å–∑—É—é—Ç—Å—è —Å–æ–≤—Ä–µ–º–µ–Ω–Ω—ã–µ –≤—ã—Å–æ–∫–æ—ç—Ñ—Ñ–µ–∫—Ç–∏–≤–Ω—ã–µ –º–∞—Ç–µ—Ä–∏–∞–ª—ã. –í —Å–µ–∫—Ü–∏—è—Ö —Ä–∞—Å–ø–æ–ª–æ–∂–µ–Ω—ã –±–µ—Å—à—É–º–Ω—ã–µ —Å–æ–≤—Ä–µ–º–µ–Ω–Ω—ã–µ –ª–∏—Ñ—Ç—ã ‚Äì –ø–æ –¥–≤–∞ –ø–∞—Å—Å–∞–∂–∏—Ä—Å–∫–∏—Ö –∏ –æ–¥–Ω–æ–º—É –≥—Ä—É–∑–æ–≤–æ–º—É. –í–æ–¥–æ–ø—Ä–æ–≤–æ–¥ (—Ö–æ–ª–æ–¥–Ω–∞—è –∏ –≥–æ—Ä—è—á–∞—è –≤–æ–¥–∞) –∏ –∫–∞–Ω–∞–ª–∏–∑–∞—Ü–∏—è –ø—Ä–æ–≤–µ–¥–µ–Ω—ã –¥–æ —Ç–æ—á–µ–∫ –≤–Ω—É—Ç—Ä–∏ –∫–≤–∞—Ä—Ç–∏—Ä—ã.–ë–ª–∞–≥–æ—É—Å—Ç—Ä–æ–π—Å—Ç–≤–æ –¥–≤–æ—Ä–∞–ü—Ä–æ–µ–∫—Ç–æ–º –ñ–ö ¬´–°—Ç–æ–ª–∏—á–Ω—ã–π-2¬ª –≤ –ê—Å—Ç–∞–Ω–µ –ø—Ä–µ–¥—É—Å–º–æ—Ç—Ä–µ–Ω–æ –ª–∞–Ω–¥—à–∞—Ñ—Ç–Ω–æ–µ –æ–∑–µ–ª–µ–Ω–µ–Ω–∏–µ –≤–Ω—É—Ç—Ä–µ–Ω–Ω–µ–π —Ç–µ—Ä—Ä–∏—Ç–æ—Ä–∏–∏ –∏ —É–ª–∏—á–Ω–æ–µ –æ—Å–≤–µ—â–µ–Ω–∏–µ. –í–æ –¥–≤–æ—Ä–µ –±—É–¥—É—Ç —Ä–∞—Å–ø–æ–ª–æ–∂–µ–Ω—ã:–¥–µ—Ç—Å–∫–∞—è –ø–ª–æ—â–∞–¥–∫–∞;—Å–ø–æ—Ä—Ç–∏–≤–Ω—ã–π —É–ª–∏—á–Ω—ã–π –∫–æ–º–ø–ª–µ–∫—Å;–±–µ—Å–µ–¥–∫–∏;—Å–æ–±—Å—Ç–≤–µ–Ω–Ω—ã–π –º–∞–≥–∞–∑–∏–Ω;—Å–æ–±—Å—Ç–≤–µ–Ω–Ω—ã–π –¥–µ—Ç—Å–∫–∏–π —Å–∞–¥;–Ω–∞–∑–µ–º–Ω—ã–π –ø–∞—Ä–∫–∏–Ω–≥.–ó–∞ –±–µ–∑–æ–ø–∞—Å–Ω–æ—Å—Ç—å –≤–ª–∞–¥–µ–ª—å—Ü–µ–≤ –Ω–µ–¥–≤–∏–∂–∏–º–æ—Å—Ç–∏ –≤ –∫–æ–º–ø–ª–µ–∫—Å–µ –∏ –∏—Ö –≥–æ—Å—Ç–µ–π –æ—Ç–≤–µ—á–∞–µ—Ç –æ—Ä–≥–∞–Ω–∏–∑–æ–≤–∞–Ω–Ω–æ–µ –∫—Ä—É–≥–ª–æ—Å—É—Ç–æ—á–Ω–æ–µ –≤–∏–¥–µ–æ–Ω–∞–±–ª—é–¥–µ–Ω–∏–µ. –†–∞–±–æ—Ç–∞–µ—Ç –∫—Ä—É–≥–ª–æ—Å—É—Ç–æ—á–Ω–∞—è –æ—Ö—Ä–∞–Ω–∞. –†–µ–∞–ª–∏–∑–æ–≤–∞–Ω–∞ –ø—Ä–æ–ø—É—Å–∫–Ω–∞—è —Å–∏—Å—Ç–µ–º–∞, –∏—Å–∫–ª—é—á–µ–Ω –Ω–µ—Å–∞–Ω–∫—Ü–∏–æ–Ω–∏—Ä–æ–≤–∞–Ω–Ω—ã–π –¥–æ—Å—Ç—É–ø –Ω–∞ —Ç–µ—Ä—Ä–∏—Ç–æ—Ä–∏—é –ñ–ö –∑–ª–æ—É–º—ã—à–ª–µ–Ω–Ω–∏–∫–æ–≤.–û –∂–∏–ª–æ–π –Ω–µ–¥–≤–∏–∂–∏–º–æ—Å—Ç–∏–í –∂–∏–ª–æ–º –∫–æ–º–ø–ª–µ–∫—Å–µ –±–æ–ª–µ–µ 300 –∫–≤–∞—Ä—Ç–∏—Ä —Å –∫–æ–ª–∏—á–µ—Å—Ç–≤–æ–º –∫–æ–º–Ω–∞—Ç –æ—Ç 1 –¥–æ 3, –ø–ª–æ—â–∞–¥—å—é –æ—Ç 39,4 –¥–æ 79,05 –º2 —Å –∫—É—Ö–Ω—è–º–∏ –≤ –æ—Ç–¥–µ–ª—å–Ω–æ–º –ø–æ–º–µ—â–µ–Ω–∏–∏. –í—Å–µ –æ–Ω–∏ —Å–¥–∞—é—Ç—Å—è –≤ —á–µ—Ä–Ω–æ–≤–æ–π –æ—Ç–¥–µ–ª–∫–µ. –í—ã—Å–æ—Ç–∞ –ø–æ—Ç–æ–ª–∫–æ–≤ 2,8 –º. –í —Ç—Ä–µ—Ö–∫–æ–º–Ω–∞—Ç–Ω—ã—Ö –∫–≤–∞—Ä—Ç–∏—Ä–∞—Ö –∏–º–µ–µ—Ç—Å—è –≤—Ç–æ—Ä–æ–π ‚Äì –≥–æ—Å—Ç–µ–≤–æ–π ‚Äì —Å–∞–Ω—É–∑–µ–ª. –ó–¥–∞–Ω–∏—è –ø–æ–¥–∫–ª—é—á–µ–Ω—ã –∫ —Ü–µ–Ω—Ç—Ä–∞–ª—å–Ω–æ–º—É –≥–æ—Ä–æ–¥—Å–∫–æ–º—É –æ—Ç–æ–ø–ª–µ–Ω–∏—é, –≤ –∫–≤–∞—Ä—Ç–∏—Ä–∞—Ö —É–∂–µ —É—Å—Ç–∞–Ω–æ–≤–ª–µ–Ω—ã –±–∏–º–µ—Ç–∞–ª–ª–∏—á–µ—Å–∫–∏–µ —Ä–∞–¥–∏–∞—Ç–æ—Ä—ã. –ü–µ—Ä–µ—á–µ–Ω—å –∏–Ω–∂–µ–Ω–µ—Ä–Ω–æ–≥–æ –æ–±–æ—Ä—É–¥–æ–≤–∞–Ω–∏—è –≤–∫–ª—é—á–∞–µ—Ç —ç–ª–µ–∫—Ç—Ä–∏—á–µ—Å–∫—É—é –ø—Ä–æ–≤–æ–¥–∫—É, —Ö–æ–ª–æ–¥–Ω—ã–π –∏ –≥–æ—Ä—è—á–∏–π –≤–æ–¥–æ–ø—Ä–æ–≤–æ–¥, –∫–∞–Ω–∞–ª–∏–∑–∞—Ü–∏—é (–±–µ–∑ –º–æ–Ω—Ç–∞–∂–∞ —Å–∞–Ω—Ç–µ—Ö–Ω–∏—á–µ—Å–∫–æ–≥–æ –æ–±–æ—Ä—É–¥–æ–≤–∞–Ω–∏—è). –í—Ö–æ–¥–Ω—ã–µ –¥–≤–µ—Ä–∏ –≤ –∫–≤–∞—Ä—Ç–∏—Ä—ã ‚Äì –º–µ—Ç–∞–ª–ª–∏—á–µ—Å–∫–∏–µ, –æ–∫–Ω–∞ ‚Äì –º–µ—Ç–∞–ª–ª–æ–ø–ª–∞—Å—Ç–∏–∫–æ–≤—ã–µ –Ω–∞ –¥–≤—É—Ö–∫–∞–º–µ—Ä–Ω–æ–º –ø—Ä–æ—Ñ–∏–ª–µ —Å —Ç—Ä–æ–π–Ω—ã–º —Å—Ç–µ–∫–ª–æ–ø–∞–∫–µ—Ç–æ–º. –û–∫–Ω–∞, –≤—ã—Ö–æ–¥—è—â–∏–µ –Ω–∞ –±–∞–ª–∫–æ–Ω—ã –∏ –ª–æ–¥–∂–∏–∏, –∏–º–µ—é—Ç –¥–≤–æ–π–Ω—ã–µ —Å—Ç–µ–∫–ª–æ–ø–∞–∫–µ—Ç—ã. –ë–∞–ª–∫–æ–Ω—ã –∏ –ª–æ–¥–∂–∏–∏ –æ—Å—Ç–µ–∫–ª–µ–Ω—ã –æ–¥–∏–Ω–∞—Ä–Ω—ã–º–∏ –≤–∏—Ç—Ä–∞–∂–∞–º–∏.–û –∑–∞—Å—Ç—Ä–æ–π—â–∏–∫–µ–ó–¥–∞–Ω–∏—è –≤–æ–∑–≤–æ–¥–∏—Ç TOO MERIDAN stroy LTD. –ó–∞—Å—Ç—Ä–æ–π—â–∏–∫ —Ä–∞–±–æ—Ç–∞–µ—Ç –Ω–∞ —Ä—ã–Ω–∫–µ —Å –Ω–∞—á–∞–ª–∞ 2000-—Ö –≥–æ–¥–æ–≤. –ñ–ö ¬´–°—Ç–æ–ª–∏—á–Ω—ã–π-2¬ª (–ê—Å—Ç–∞–Ω–∞) ‚Äì –¥–∞–ª–µ–∫–æ –Ω–µ –ø–µ—Ä–≤—ã–π –µ–≥–æ —É—Å–ø–µ—à–Ω–æ —Ä–µ–∞–ª–∏–∑–æ–≤–∞–Ω–Ω—ã–π –ø—Ä–æ–µ–∫—Ç.",–ê—Å—Ç–∞–Ω–∞,2024,,65.94 –º¬≤,
33,690129719,"2-–∫–æ–º–Ω–∞—Ç–Ω–∞—è –∫–≤–∞—Ä—Ç–∏—Ä–∞, 67.27 –º¬≤, –¢—É—Ä–∞–Ω 71",,"–ñ–∏–ª–æ–π –∫–æ–º–ø–ª–µ–∫—Å RAUDA –≤ –ê—Å—Ç–∞–Ω–µ ‚Äì —ç—Ç–æ —É—é—Ç–Ω—ã–µ –∫–≤–∞—Ä—Ç–∏—Ä—ã –∫–æ–º—Ñ–æ—Ä—Ç –∏ –±–∏–∑–Ω–µ—Å-–∫–ª–∞—Å—Å–∞ –≤ —Å–ø–æ–∫–æ–π–Ω–æ–º —Ä–∞–π–æ–Ω–µ –Ω–∞ –ª–µ–≤–æ–º –±–µ—Ä–µ–≥—É —Å—Ç–æ–ª–∏—Ü—ã. –í–∫–ª—é—á–∞—é—Ç –≤—Å–µ –Ω–µ–æ–±—Ö–æ–¥–∏–º—ã–µ —É—Å–ª–æ–≤–∏—è –¥–ª—è –∫–æ–º—Ñ–æ—Ä—Ç–Ω–æ–≥–æ –ø—Ä–æ–∂–∏–≤–∞–Ω–∏—è, –≤ —Ç–æ–º —á–∏—Å–ª–µ –∏ —Ä–∞–∑–≤–∏—Ç—É—é –∏–Ω—Ñ—Ä–∞—Å—Ç—Ä—É–∫—Ç—É—Ä—É. –ñ–∏–ª–æ–π –∫–æ–º–ø–ª–µ–∫—Å –∫–æ–º—Ñ–æ—Ä—Ç + —Å —ç–ª–µ–º–µ–Ω—Ç–∞–º–∏ –±–∏–∑–Ω–µ—Å-–∫–ª–∞—Å—Å–∞! –ù–∞—Ö–æ–¥–∏—Ç—Å—è –Ω–∞ –ª–µ–≤–æ–±–µ—Ä–µ–∂—å–µ —Å—Ç–æ–ª–∏—Ü—ã, –Ω–∞ –ø–µ—Ä–≤–æ–π –ª–∏–Ω–∏–∏ –ø—Ä–æ—Å–ø–µ–∫—Ç–∞ –¢—É—Ä–∞–Ω.–ü—Ä–µ–∏–º—É—â–µ—Å—Ç–≤–∞ –ñ–öüí•–£–ª—É—á—à–µ–Ω–Ω–∞—è —à—É–º–æ–∏–∑–æ–ª—è—Ü–∏—èüí•–í–∏—Ç—Ä–∞–∂–Ω—ã–µ –±–∞–ª–∫–æ–Ω—ãüí•–£–≤–µ–ª–∏—á–µ–Ω–Ω–∞—è —Ç–æ–ª—â–∏–Ω–∞ —Å—Ç–µ–Ωüí•–î–∏–∑–∞–π–Ω–µ—Ä—Å–∫–∏–π —Ö–æ–ª–ª –Ω–∞ –≤—Å–µ—Ö —ç—Ç–∞–∂–∞—Öüí•–ë–∞—Ä–±–µ–∫—é –∑–æ–Ω–∞üí•–ë–ª–æ–∫-–Ω–∏—à–∞ –¥–ª—è –∫–æ–Ω–¥–∏—Ü–∏–æ–Ω–µ—Ä–æ–≤üí•–°–º–∞—Ä—Ç-–∑–∞–º–∫–∏ —Å FaceIDüí•–®–∫–æ–ª–∞ –≤ —à–∞–≥–æ–≤–æ–π –¥–æ—Å—Ç—É–ø–Ω–æ—Å—Ç–∏üí•–ó–∞–∫—Ä—ã—Ç—ã–π –¥–≤–æ—Äüí•–ù–∞–∑–µ–º–µ–Ω—ã–π —Ç—ë–ø–ª—ã–π –ø–∞—Ä–∫–∏–Ω–≥üí•–ö—Ä—É–≥–ª–æ—Å—É—Ç–æ—á–Ω–æ–µ –≤–∏–¥–µ–æ–Ω–∞–±–ª—é–¥–µ–Ω–∏–µüí•–°—Ç—Ä–æ–∏—Ç—Å—è —à–∫–æ–ª–∞ –≤ 400 –º–µ—Ç—Ä–∞—Ö–õ–æ–∫–∞—Ü–∏—è–ñ–∏–ª–æ–π –∫–æ–º–ø–ª–µ–∫—Å ¬´–†–∞—É–¥–∞¬ª –≤ –ê—Å—Ç–∞–Ω–µ —Ä–∞—Å–ø–æ–ª–∞–≥–∞–µ—Ç—Å—è –ø–æ –∞–¥—Ä–µ—Å—É –¢—É—Ä–∞–Ω 71 (–ø–µ—Ä–≤–∞—è –ª–∏–Ω–∏—è –ø—Ä–æ—Å–ø–µ–∫—Ç–∞). –ñ–ö –æ–∫—Ä—É–∂–µ–Ω —Ä–∞–∑–≤–∏—Ç–æ–π –∏–Ω—Ñ—Ä–∞—Å—Ç—Ä—É–∫—Ç—É—Ä–æ–π. –í —à–∞–≥–æ–≤–æ–π –¥–æ—Å—Ç—É–ø–Ω–æ—Å—Ç–∏ –Ω–∞—Ö–æ–¥–∏—Ç—Å—è –ë–æ—Ç–∞–Ω–∏—á–µ—Å–∫–∏–π —Å–∞–¥, –ê—Å—Ç–∞–Ω–∞ –ê—Ä–µ–Ω–∞ –∏ –≠–∫—Å–ø–æ-2017.–ò–Ω—Ñ—Ä–∞—Å—Ç—Ä—É–∫—Ç—É—Ä–∞ –º–∏–∫—Ä–æ—Ä–∞–π–æ–Ω–∞–ñ–ö RAUDA –≤ –ê—Å—Ç–∞–Ω–µ —Ä–∞—Å–ø–æ–ª–∞–≥–∞–µ—Ç—Å—è –≤ —Ä–∞–∑–≤–∏—Ç–æ–º —Ä–∞–π–æ–Ω–µ. –í —à–∞–≥–æ–≤–æ–π –¥–æ—Å—Ç—É–ø–Ω–æ—Å—Ç–∏ –Ω–∞—Ö–æ–¥—è—Ç—Å—è –ø—Ä–æ–¥–æ–≤–æ–ª—å—Å—Ç–≤–µ–Ω–Ω—ã–µ –∏ –ø—Ä–æ–¥—É–∫—Ç–æ–≤—ã–µ –º–∞–≥–∞–∑–∏–Ω—ã, –∞–ø—Ç–µ–∫–∏, –∫–∞—Ñ–µ –∏ —Ç–æ—á–∫–∏ –æ–±—â–µ—Å—Ç–≤–µ–Ω–Ω–æ–≥–æ –ø–∏—Ç–∞–Ω–∏—è, —Å—Ç–æ–º–∞—Ç–æ–ª–æ–≥–∏—á–µ—Å–∫–∏–µ –∫–∞–±–∏–Ω–µ—Ç—ã –∏ –∫–ª–∏–Ω–∏–∫–∏. –î–ª—è —Å–µ–º–µ–π —Å –¥–µ—Ç—å–º–∏ –∏–º–µ—é—Ç—Å—è —à–∫–æ–ª—ã, –¥–µ—Ç—Å–∫–∏–µ —Å–∞–¥—ã,–í –Ω–µ–ø–æ—Å—Ä–µ–¥—Å—Ç–≤–µ–Ω–Ω–æ –±–ª–∏–∑–æ—Å—Ç–∏ —Ä–∞—Å–ø–æ–ª–∞–≥–∞–µ—Ç—Å—è –ê—Å—Ç–∞–Ω–∞ –ê—Ä–µ–Ω–∞, –ë–æ—Ç–∞–Ω–∏—á–µ—Å–∫–∏–π —Å–∞–¥, ¬´–≠–∫—Å–ø–æ2017¬ª, –ù–∞–∑–∞—Ä–±–∞–µ–≤ —É–Ω–∏–≤–µ—Ä—Å–∏—Ç–µ—Ç, –ù–∞—Ü–∏–æ–Ω–∞–ª—å–Ω—ã–π —É–Ω–∏–≤–µ—Ä—Å–∏—Ç–µ—Ç, Astana IT University. –í –¥–≤—É—Ö –∫–∏–ª–æ–º–µ—Ç—Ä–∞—Ö –±—É–¥–µ—Ç –Ω–∞—Ö–æ–¥–∏—Ç—Å—è Ellington Mall –∏ –≠–∫–æ-–ø–∞—Ä–∫.–¢—Ä–∞–Ω—Å–ø–æ—Ä—Ç–Ω–∞—è –¥–æ—Å—Ç—É–ø–Ω–æ—Å—Ç—å–ë–ª–∏–∂–∞–π—à–∞—è –æ—Å—Ç–∞–Ω–æ–≤–∫–∞ —Ä–∞—Å–ø–æ–ª–∞–≥–∞–µ—Ç—Å—è –Ω–µ–ø–æ—Å—Ä–µ–¥—Å—Ç–≤–µ–Ω–Ω–æ –æ–∫–æ–ª–æ –ñ–ö ¬´–†–∞—É–¥–∞¬ª –≤ –ê—Å—Ç–∞–Ω–µ. –†–∞—Å—Å—Ç–æ—è–Ω–∏–µ –¥–æ –±–ª–∏–∂–∞–π—à–µ–≥–æ –≤–æ–∫–∑–∞–ª–∞ —Å–æ—Å—Ç–∞–≤–ª—è–µ—Ç 5 –∫–∏–ª–æ–º–µ—Ç—Ä–æ–≤. –î–æ–±—Ä–∞—Ç—å—Å—è –¥–æ –∞—ç—Ä–æ–ø–æ—Ä—Ç–∞ –º–æ–∂–Ω–æ –Ω–∞ –º–∞—à–∏–Ω–µ –∑–∞ 20 –º–∏–Ω—É—Ç.–û—Å–æ–±–µ–Ω–Ω–æ—Å—Ç–∏ –∫–æ–º–ø–ª–µ–∫—Å–∞–ö–æ–º–ø–ª–µ–∫—Å –≤–∫–ª—é—á–∞–µ—Ç –≤ —Å–µ–±—è –¥–≤–∞ 15-—ç—Ç–∞–∂–Ω—ã—Ö –ø–æ–¥—ä–µ–∑–¥–∞. –ò—Å–ø–æ–ª—å–∑–æ–≤–∞–Ω—ã –∫–∞—á–µ—Å—Ç–≤–µ–Ω–Ω—ã–µ —É—Ç–µ–ø–ª–∏—Ç–µ–ª–∏ —Ñ–∏—Ä–º—ã –¢–µ—Ö–Ω–æ–Ω–∏–∫–æ–ª—å. –í –∫–∞–∂–¥–æ–º –ø–æ–¥—ä–µ–∑–¥–µ —É—Å—Ç–∞–Ω–æ–≤–ª–µ–Ω—ã 2 –≤—ã—Å–æ–∫–æ—Å–∫–æ—Ä–æ—Å—Ç–Ω—ã—Ö –ª–∏—Ñ—Ç–∞ —Ñ–∏—Ä–º—ã Canny, –∏–º–µ–µ—Ç—Å—è –∫—Ä—É–≥–æ–≤–∞—è –ø–∞—Ä–∫–æ–≤–∫–∞ –¥–ª—è –∂–∏—Ç–µ–ª–µ–π –∏ –Ω–∞–∑–µ–º–Ω—ã–π –ø–∞—Ä–∫–∏–Ω–≥. –î–∏–∑–∞–π–Ω–µ—Ä—Å–∫–∏–π —Ö–æ–ª–ª –Ω–∞ –∫–∞–∂–¥–æ–º —ç—Ç–∞–∂–µ (–∫–µ—Ä–∞–º–æ–≥—Ä–∞–Ω–∏—Ç), –ø–æ–¥–∫–ª—é—á–µ–Ω—ã Face ID –¥–æ–º–æ—Ñ–æ–Ω—ã. –í –∫–≤–∞—Ä—Ç–∏—Ä–∞—Ö —É—Å—Ç–∞–Ω–æ–≤–ª–µ–Ω—ã –º–µ—Ç–∞–ª–ª–æ–ø–ª–∞—Å—Ç–∏–∫–æ–≤—ã–µ –æ–∫–Ω–∞ —Å —ç–Ω–µ—Ä–≥–æ—Å–±–µ—Ä–µ–≥–∞—é—â–∏–º —Å—Ç–µ–∫–ª–æ–ø–∞–∫–µ—Ç–æ–º. –î–∏–∑–∞–π–Ω–µ—Ä—Å–∫–∏–µ –≤—Ö–æ–¥–Ω—ã–µ –¥–≤–µ—Ä–∏ —Å –∫–∞–∑–∞—Ö—Å–∫–∏–º –æ—Ä–Ω–∞–º–µ–Ω—Ç–æ–º, smart-–∑–∞–º–∫–∏ —Å Face ID. –í–∏—Ç—Ä–∞–∂–Ω—ã–µ –±–∞–ª–∫–æ–Ω—ã –≤–æ –≤—Å–µ—Ö –∫–≤–∞—Ä—Ç–∏—Ä–∞—Ö, –≤ –ø–µ–Ω—Ç—Ö–∞—É—Å–∞—Ö —Ç–µ—Ä—Ä–∞—Å—ã —Å –ø–∞–Ω–æ—Ä–∞–º–Ω—ã–º –≤–∏–¥–æ–º –Ω–∞ —Å—Ç–æ–ª–∏—Ü—É.–ë–ª–∞–≥–æ—É—Å—Ç—Ä–æ–π—Å—Ç–≤–æ –¥–≤–æ—Ä–∞–¢–µ—Ä—Ä–∏—Ç–æ—Ä–∏—è –ñ–ö RAUDA –æ–±–æ—Ä—É–¥–æ–≤–∞–Ω–∞ –¥–ª—è –∫–æ–º—Ñ–æ—Ä—Ç–Ω–æ–≥–æ –æ—Ç–¥—ã—Ö–∞ –∫–∞–∫ –≤–∑—Ä–æ—Å–ª—ã—Ö, —Ç–∞–∫ –∏ –¥–µ—Ç–µ–π. –ò–º–µ—é—Ç—Å—è –¥–µ—Ç—Å–∫–∏–µ –ø–ª–æ—â–∞–¥–∫–∏ —Å –≥–æ—Ä–∫–∞–º–∏ –∏ –∫–∞—á–µ–ª—è–º–∏, —É—Å—Ç–∞–Ω–æ–≤–ª–µ–Ω—ã —Å–∫–∞–º–µ–π–∫–∏, –±–µ—Å–µ–¥–∫–∏, –æ—Ä–≥–∞–Ω–∏–∑–æ–≤–∞–Ω—ã –∑–æ–Ω—ã –æ–∑–µ–ª–µ–Ω–µ–Ω–∏—è –∫–ª—É–º–±—ã —É –ø–æ–¥—ä–µ–∑–¥–æ–≤.¬†–¢–∞–∫–∂–µ –∏–º–µ—é—Ç—Å—è —Å–ø–æ—Ä—Ç–∏–≤–Ω—ã–µ –ø–ª–æ—â–∞–¥–∫–∏, —Ç—Ä–æ—Ç—É–∞—Ä—ã –¥–ª—è –ø—Ä–æ–≥—É–ª–æ–∫, –≤—Å—è —Ç–µ—Ä—Ä–∏—Ç–æ—Ä–∏—è –æ—Å–≤–µ—â–∞–µ—Ç—Å—è, –∏–º–µ–µ—Ç—Å—è –≤–∏–¥–µ–æ–Ω–∞–±–ª—é–¥–µ–Ω–∏–µ. –î–ª—è —É–¥–æ–±—Å—Ç–≤–∞ –∂–∏—Ç–µ–ª–µ–π –∏–º–µ–µ—Ç—Å—è –Ω–∞–∑–µ–º–Ω—ã–π –ø–∞—Ä–∫–∏–Ω–≥.–û –∂–∏–ª–æ–π –Ω–µ–¥–≤–∏–∂–∏–º–æ—Å—Ç–∏–ñ–ö ¬´–†–∞—É–¥–∞¬ª –ø—Ä–µ–¥–ª–∞–≥–∞–µ—Ç –±—É–¥—É—â–∏–º –≤–ª–∞–¥–µ–ª—å—Ü–∞–º 1 –∏ 3-–∫–æ–º–Ω—Ç–∞–Ω—ã–µ –∫–≤–∞—Ä—Ç–∏—Ä—ã –∏ 4-5 –∫–æ–º–Ω–∞—Ç–Ω—ã–µ –ø–µ–Ω—Ç—Ö–∞—É—Å—ã –ø–ª–æ—â–∞–¥—å—é –æ—Ç 39.96 –¥–æ 183 –∫–≤.–º. –ñ–∏–ª—å–µ —Ä–µ–∞–ª–∏–∑—É–µ—Ç—Å—è –≤ –ø—Ä–µ–¥—á–∏—Å—Ç–æ–≤–æ–π –æ—Ç–¥–µ–ª–∫–µ —Å —É—Å—Ç–∞–Ω–æ–≤–ª–µ–Ω–Ω—ã–º–∏ –æ–∫–Ω–∞–º–∏, –º–µ–∂–∫–æ–º–Ω–∞—Ç–Ω—ã–º–∏ –∏ –≤—Ö–æ–¥–Ω—ã–º–∏ –¥–≤–µ—Ä—è–º–∏, –ø–æ–¥–∫–ª—é—á–µ–Ω–Ω—ã–º–∏ —Å–∏—Å—Ç–µ–º–∞–º–∏ –∫–æ–º–º—É–Ω–∏–∫–∞—Ü–∏–∏. –ü—Ä–æ–¥–∞–∂–∞ –≤–æ–∑–º–æ–∂–Ω–∞ –∑–∞ –Ω–∞–ª–∏—á–Ω—ã–π —Ä–∞—Å—á–µ—Ç –∏ –≤ —Ä–∞—Å—Å—Ä–æ—á–∫—É –æ—Ç –∑–∞—Å—Ç—Ä–æ–π—â–∏–∫–∞.–û –∑–∞—Å—Ç—Ä–æ–π—â–∏–∫–µ–°—Ç—Ä–æ–∏—Ç–µ–ª—å—Å—Ç–≤–æ–º –∫–æ–º–ø–ª–µ–∫—Å–∞ –∑–∞–Ω–∏–º–∞–µ—Ç—Å—è –º–µ–∂–¥—É–Ω–∞—Ä–æ–¥–Ω–∞—è –∫–æ–º–ø–∞–Ω–∏—è TOO DFK Group. –ö–æ–º–ø–∞–Ω–∏—è —Å 20 –ª–µ—Ç–Ω–∏–º –æ–ø—ã—Ç–æ–º —Å–ø–µ—Ü–∏–∞–ª–∏–∑–∏—Ä—É–µ—Ç—Å—è –Ω–∞ –≤–æ–∑–≤–µ–¥–µ–Ω–∏–∏ –∂–∏–ª—ã—Ö —Å—Ç—Ä–æ–µ–Ω–∏–π –≤ –ê—Å—Ç–∞–Ω–µ –∏ –î—É–±–∞–µ —Å –ø—Ä–∏–º–µ–Ω–µ–Ω–∏–µ–º —Å–æ–≤—Ä–µ–º–µ–Ω–Ω—ã—Ö —Å—Ç—Ä–æ–∏—Ç–µ–ª—å–Ω—ã—Ö –º–∞—Ç–µ—Ä–∏–∞–ª–æ–≤.",–ê—Å—Ç–∞–Ω–∞,2024,,67.27 –º¬≤,
34,687985248,"2-–∫–æ–º–Ω–∞—Ç–Ω–∞—è –∫–≤–∞—Ä—Ç–∏—Ä–∞, 62.1 –º¬≤, –ï 882 —É—á–∞—Å—Ç–æ–∫ 7",,"–ñ–∏–ª–æ–π –∫–≤–∞—Ä—Ç–∞–ª ¬´Ferrum City¬ª –æ–±—ä–µ–¥–∏–Ω—è–µ—Ç –¥–≤–∞ –±–µ—Ä–µ–≥–∞ –Ω–∞—à–µ–π —Å—Ç–æ–ª–∏—Ü—ã –≤ –µ–¥–∏–Ω–æ–µ —Ü–µ–ª–æ–µ. 37 –±–ª–æ–∫–æ–≤ –∂–∏–ª–æ–≥–æ –∫–≤–∞—Ä—Ç–∞–ª–∞ –≤–¥–æ—Ö–Ω—É—Ç –Ω–æ–≤—É—é –∂–∏–∑–Ω—å –≤ –Ω–∞–±–µ—Ä–µ–∂–Ω—É—é —Ä–µ–∫–∏ –ï—Å–∏–ª—å.–ü—Ä–µ–∏–º—É—â–µ—Å—Ç–≤–∞üí•–î–∏–∑–∞–π–Ω–µ—Ä—Å–∫–∏–µ —Ö–æ–ª–ª—ã, –≤–¥–æ—Ö–Ω–æ–≤–ª–µ–Ω–Ω—ã–µ –¥–∏–∑–∞–π–Ω–æ–º —Ö–æ–ª–ª–æ–≤ –ï–≤—Ä–æ–ø–µ–π—Å–∫–∏—Ö –æ—Ç–µ–ª–µ–πüí•–¢—Ä–µ—Ö—Å–ª–æ–π–Ω–∞—è —à—É–º–æ–∏–∑–æ–ª—è—Ü–∏—èüí•–ù–∞ –ø–ª–æ—â–∞–¥–∫–µ 4-5 –∫–≤–∞—Ä—Ç–∏—Äüí•–£–≤–µ–ª–∏—á–µ–Ω–Ω—ã–π —Ä–∞–∑–º–µ—Ä –æ–∫–æ–Ω —Å –ø–∞–Ω–æ—Ä–∞–º–Ω—ã–º –≤–∏–¥–æ–º –Ω–∞ –Ω–∞–±–µ—Ä–µ–∂–Ω—É—é —Ä–µ–∫–∏ –ï—Å–∏–ª—å –∏ –≤–µ—Å—å –ª–µ–≤—ã–π –±–µ—Ä–µ–≥. 5. –ö–∏—Ä–ø–∏—á–Ω–∞—è –∫–ª–∞–¥–∫–∞ –Ω–∞—Ä—É–∂–Ω—ã—Ö —Å—Ç–µ–Ω –∫–≤–∞—Ä—Ç–∏—Ä—ã–ú–µ—Å—Ç–æ–ø–æ–ª–æ–∂–µ–Ω–∏–µ–ñ–∏–ª–æ–π –ö–≤–∞—Ä—Ç–∞–ª Ferrum City —Ä–∞—Å–ø–æ–ª–æ–∂–µ–Ω –≤–¥–æ–ª—å –Ω–∞–±–µ—Ä–µ–∂–Ω–æ–π —Ä–µ–∫–∏ –ï—Å–∏–ª—å –≤ —ç–∫–æ–ª–æ–≥–∏—á–Ω–æ–º —Ä–∞–π–æ–Ω–µ –≥–æ—Ä–æ–¥–∞ –Ω–µ–ø–æ–¥–∞–ª–µ–∫—É –æ—Ç –º–µ—á–µ—Ç–∏ –´—Ä—ã—Å–∫–µ–ª–¥—ñ “ö–∞–∂—ã. –ñ–∏–∑–Ω—å –≤ —É–µ–¥–∏–Ω–µ–Ω–∏–∏ –æ—Ç –≥–æ—Ä–æ–¥—Å–∫–æ–π —Å—É–µ—Ç—ã –∏ –≤ —à–∞–≥–æ–≤–æ–π –¥–æ—Å—Ç—É–ø–Ω–æ—Å—Ç–∏ –æ—Ç –Ω–µ–æ–±—Ö–æ–¥–∏–º–æ–π –∏–Ω—Ñ—Ä–∞—Å—Ç—Ä—É–∫—Ç—É—Ä—ã ‚Äì –≤–µ–ª–∏–∫–æ–ª–µ–ø–Ω–æ–µ —Å–æ—á–µ—Ç–∞–Ω–∏–µ –¥–ª—è –∫–æ–º—Ñ–æ—Ä—Ç–Ω–æ–π –∂–∏–∑–Ω–∏ –≤ –∫–æ–º–ø–ª–µ–∫—Å–µ –±–∏–∑–Ω–µ—Å-–∫–ª–∞—Å—Å–∞. –†–æ—Å–∫–æ—à–Ω—ã–µ –≤–∏–¥—ã —Å –æ–∫–æ–Ω –≤–∞—à–µ–π –Ω–æ–≤–æ–π –∫–≤–∞—Ä—Ç–∏—Ä—ã –Ω–∞ –≤—Å—é –°—Ç–æ–ª–∏—Ü—É –∏ –Ω–∞–±–µ—Ä–µ–∂–Ω—É—é, –±—É–¥—É—Ç –¥–æ–ø–æ–ª–Ω—è—Ç—å –≤–∞—à–∏ –±—É–¥–Ω–∏ —ç—Å—Ç–µ—Ç–∏–∫–æ–π –∏ —Å—á–∞—Å—Ç—å–µ–º.–ê—Ä—Ö–∏—Ç–µ–∫—Ç—É—Ä–∞–ñ–∏–ª–æ–π —Ä–∞–π–æ–Ω ¬´Ferrum City¬ª, —Å–æ—Å—Ç–æ—è—â–∏–π –∏–∑ —Ç—Ä–µ—Ö –∫–≤–∞—Ä—Ç–∞–ª–æ–≤, —Å–º—ã—Å–ª–æ–≤—ã–º —Ü–µ–Ω—Ç—Ä–æ–º –∫–æ—Ç–æ—Ä—ã—Ö —Å—Ç–∞–Ω–µ—Ç —á–∞—Å—Ç—å –Ω–∞–±–µ—Ä–µ–∂–Ω–æ–π, –º–Ω–æ–≥–∏–µ –≥–æ–¥—ã –æ—Å—Ç–∞–≤–∞–≤—à–∞—è—Å—è –∑–∞–≥–∞–¥–∫–æ–π –¥–∞–∂–µ –¥–ª—è –∂–∏—Ç–µ–ª–µ–π —Å—Ç–æ–ª–∏—Ü—ã.–ö–∞—Ä–∫–∞—Å –∑–¥–∞–Ω–∏—è - –∂–µ–ª–µ–∑–æ–±–µ—Ç–æ–Ω–Ω—ã–π –º–æ–Ω–æ–ª–∏—Ç–ù–∞—Ä—É–∂–Ω—ã–µ —Å—Ç–µ–Ω—ã - –∏–∑ –≥–∞–∑–æ–±–µ—Ç–æ–Ω–Ω—ã—Ö –±–ª–æ–∫–æ–≤–£—Ç–µ–ø–ª–∏—Ç–µ–ª—å - –ø–ª–∏—Ç—ã –∏–∑ –º–∏–Ω–≤–∞—Ç—ã —Ç–æ–ª—â–∏–Ω–æ–π 10 —Å–º–í–µ–Ω—Ç–∏–ª–∏—Ä—É–µ–º—ã–π —Ñ–∞—Å–∞–¥ –∏–∑ —Ñ–∏–±—Ä–æ—Ü–µ–º–µ–Ω—Ç–Ω–æ–π –ø–∞–Ω–µ–ª–∏.–ò–Ω—Ñ—Ä–∞—Å—Ç—Ä—É–∫—Ç—É—Ä–∞–í —à–∞–≥–æ–≤–æ–π –¥–æ—Å—Ç—É–ø–Ω–æ—Å—Ç–∏ –Ω–∞—Ö–æ–¥—è—Ç—Å—è:–®–∫–æ–ª–∞ ‚Äì –≥–∏–º–Ω–∞–∑–∏—è ‚Ññ80, –∏–º. –°. –°–µ–π—Ñ—É–ª–∏–Ω–∞–®–∫–æ–ª–∞ ‚Äì –≥–∏–º–Ω–∞–∑–∏—è ‚Ññ65–®–∫–æ–ª–∞ ‚Äì –ª–∏—Ü–µ–π ‚Ññ60 –∞–∫–∏–º–∞—Ç–∞ –≥. –ê—Å—Ç–∞–Ω—ã–î–µ—Ç—Å–∫–∏–π —Å–∞–¥ ¬´–ñ–∞–Ω–∞—Ä—ã–º¬ª–ú–µ—á–µ—Ç—å ¬´–´—Ä—ã—Å–∫–µ–ª–¥—ñ “ö–∞–∂—ã¬ª–¶–û–ù–°—É–ø–µ—Ä–º–∞—Ä–∫–µ—Ç—ã, –º–∞–≥–∞–∑–∏–Ω—ã, –∫–∞—Ñ–µ, —Ä–µ—Å—Ç–æ—Ä–∞–Ω—ã–ì–æ—Å. –ø–æ–ª–∏–∫–ª–∏–Ω–∏–∫–∞ ‚Ññ10–û—Å—Ç–∞–Ω–æ–≤–∫–∏ –≤–æ –≤—Å–µ –Ω–∞–ø—Ä–∞–≤–ª–µ–Ω–∏—è –≥–æ—Ä–æ–¥–∞–ù–∞–±–µ—Ä–µ–∂–Ω–∞—è",–ê—Å—Ç–∞–Ω–∞,2024,,62.1 –º¬≤,
35,687325908,"2-–∫–æ–º–Ω–∞—Ç–Ω–∞—è –∫–≤–∞—Ä—Ç–∏—Ä–∞, 61.95 –º¬≤, –ù–∞—Ä–∏–∫–±–∞–µ–≤–∞",,"–ü—Ä–µ–∏–º—É—â–µ—Å—Ç–≤–∞:üí•–û–∑–µ–ª–µ–Ω–µ–Ω–Ω–∞—è —Ç–µ—Ä—Ä–∏—Ç–æ—Ä–∏—èüí•–ö–æ–º–º–µ—Ä—á–µ—Å–∫–∏–µ –ø–æ–º–µ—â–µ–Ω–∏—èüí•–ó–æ–Ω—ã –¥–ª—è –æ—Ç–¥—ã—Ö–∞üí•–î–µ—Ç—Å–∫–∏–µ –ø–ª–æ—â–∞–¥–∫–∏–û –ø—Ä–æ–µ–∫—Ç–µEVA - –ª–∞–∫–æ–Ω–∏—á–Ω–æ —ç—Å—Ç–µ—Ç–∏—á–Ω—ã–π –∏ –ø—Ä–æ–¥—É–º–∞–Ω–Ω—ã–π –∂–∏–ª–æ–π –∫–æ–º–ø–ª–µ–∫—Å, —Å–æ–∑–¥–∞–Ω–Ω—ã–π —á—Ç–æ–±—ã —Ö—Ä–∞–Ω–∏—Ç—å —Ç–µ–ø–ª–æ –¥–æ–º–∞—à–Ω–µ–≥–æ —É—é—Ç–∞ –∏ –¥–∞—Ä–∏—Ç—å —ç–Ω–µ—Ä–≥–∏—é –∂–∏–∑–Ω–∏ –∏ –±–ª–∞–≥–æ –≤—Å–µ–º, –∫—Ç–æ –µ–≥–æ –Ω–∞—Å–µ–ª—è–µ—Ç. –ú–∏–Ω–∏–º–∞–ª–∏—Å—Ç–∏—á–Ω–æ –∏–∑—è—â–Ω—ã–µ —Ñ–∞—Å–∞–¥—ã EVA –ø—Ä–∏–∑–≤–∞–Ω—ã —Ä–∞–¥–æ–≤–∞—Ç—å —Å–≤–æ–∏–º –≤–∏–¥–æ–º –≤–∞—Å –∏ –≤–∞—à–∏—Ö –≥–æ—Å—Ç–µ–π,—Å–æ–≤—Ä–µ–º–µ–Ω–Ω—ã–π –¥–≤–æ—Ä - –æ–±–µ—Å–ø–µ—á–∏–≤–∞—Ç—å –±–µ–∑–æ–ø–∞—Å–Ω–æ—Å—Ç—å –∏ —É–¥–æ–±—Å—Ç–≤–æ, –¥–∞—Ä–∏—Ç—å —Ä–∞–¥–æ—Å—Ç—å –≤–∞–º –∏ –≤–∞—à–∏–º –¥–µ—Ç—è–º, –∞ –∞–≤—Ç–æ—Ä—Å–∫–∏–µ —Ö–æ–ª–ª—ã –∏ –∫–≤–∞—Ä—Ç–∏—Ä—ã EVA - —ç—Ç–æ –Ω–∞—Å—Ç–æ—è—â–µ–µ –ø—Ä–æ—Å—Ç—Ä–∞–Ω—Å—Ç–≤–æ —É—é—Ç–∞, –Ω–∞–ø–æ–ª–Ω–µ–Ω–Ω–æ–µ –∑–∞–±–æ—Ç–æ–π –∏ –ª—é–±–æ–≤—å—é –∫ –µ–≥–æ –±—É–¥—É—â–∏–º –∂–∏—Ç–µ–ª—è–º.–ú–µ—Å—Ç–æ–ø–æ–ª–æ–∂–µ–Ω–∏–µ–ñ–∏–ª–æ–π –∫–æ–º–ø–ª–µ–∫—Å —Ä–∞—Å–ø–æ–ª–æ–∂–µ–Ω –≤ –æ–¥–Ω–æ–π –∏–∑ –ª—É—á—à–∏—Ö –ª–æ–∫–∞—Ü–∏–π –ª–µ–≤–æ–≥–æ –±–µ—Ä–µ–≥–∞ - –≤ –∫–≤–∞—Ä—Ç–∞–ª–µ –º–µ–∂–¥—É —É–ª. –ö–∞–π—ã–º –ú—É—Ö–∞–º–µ–¥—Ö–∞–Ω–æ–≤–∞ –∏ –ö–æ—Ä–≥–∞–ª—å–∂–∏–Ω—Å–∫–∏–º —à–æ—Å—Å–µ, –Ω–∞ –ø–µ—Ä–µ—Å–µ—á–µ–Ω–∏–∏ —É–ª–∏—Ü –ë–∞—è–Ω –°—É–ª—É –∏ –ù–∞—Ä–∏–∫–±–∞–µ–≤–∞, –≤ —à–∞–≥–æ–≤–æ–π –¥–æ—Å—Ç—É–ø–Ω–æ—Å—Ç–∏ –Ω–∞—Ö–æ–¥—è—Ç—Å—è —à–∫–æ–ª—ã –∏ –¥–µ—Ç—Å–∫–∏–µ —Å–∞–¥—ã, —É–Ω–∏–≤–µ—Ä—Å–∏—Ç–µ—Ç—ã, –∞ —Ç–∞–∫–∂–µ –¢–†–¶ –•–∞–Ω –®–∞—Ç—ã—Ä –∏ –°–∞—Ä—ã–∞—Ä–∫–∞.–ò–Ω—Ñ—Ä–∞—Å—Ç—Ä—É–∫—Ç—É—Ä–∞–î–µ—Ç—Å–∫–∏–µ —Å–∞–¥—ã –∏ —à–∫–æ–ª—ã:–î–µ—Ç—Å–∫–∏–π —Å–∞–¥ –ë–∞—è–Ω –°—É–ª—É - 1 –º–∏–Ω–®–∫–æ–ª–∞ ‚Ññ79 - 1 –º–∏–Ω–ú–µ–∂–¥—É–Ω–∞—Ä–æ–¥–Ω–∞—è —à–∫–æ–ª–∞ QCI - 3 –º–∏–Ω–í–æ–µ–Ω–Ω—ã–π –∫–æ–ª–ª–µ–¥–∂ (¬´–ñ–∞—Å –£–ª–∞–Ω¬ª) - 3 –º–∏–Ω–ì–∏–º–Ω–∞–∑–∏—è ‚Ññ81 (Astana English school) - 5 –º–∏–Ω–£–Ω–∏–≤–µ—Ä—Å–∏—Ç–µ—Ç—ã:–ö–ê–ó–ì–Æ–£ - 8 –º–∏–Ω–ö–∞–∑–∞—Ö—Å–∫–∏–π –£–Ω–∏–≤–µ—Ä—Å–∏—Ç–µ—Ç—Ç–µ—Ö–Ω–æ–ª–æ–≥–∏–∏ –∏ –±–∏–∑–Ω–µ—Å–∞ - 4 –º–∏–Ω–ú–µ–¥–∏—Ü–∏–Ω—Å–∫–∏–µ —Ü–µ–Ω—Ç—Ä—ã:iMED CLINIC - 2 –º–∏–Ω–¢–†–¶ –∏ —Å—É–ø–µ—Ä–º–∞—Ä–∫–µ—Ç—ã:Small - 4 –º–∏–Ω–•–∞–Ω –®–∞—Ç—ã—Ä - 10 –º–∏–Ω–°–∞—Ä—ã–∞—Ä–∫–∞ - 10 –º–∏–Ω–†–µ–ª–∏–≥–∏—è –∏ –∫—É–ª—å—Ç—É—Ä–∞:–ú–µ—á–µ—Ç—å - 1 –º–∏–Ω–ê—Å—Ç–∞–Ω–∞ –û–ø–µ—Ä–∞ - 10 –º–∏–Ω–ê—Ä—Ö–∏—Ç–µ–∫—Ç—É—Ä–∞–ö–∞—Ä–∫–∞—Å –∏ –Ω–∞—Ä—É–∂–Ω—ã–µ —Å—Ç–µ–Ω—ã –∏–∑ –∫–∏—Ä–ø–∏—á–∞ –æ–±–µ—Å–ø–µ—á–∞—Ç –æ—Ç–ª–∏—á–Ω—É—é —à—É–º–æ - –∏ —Ç–µ–ø–ª–æ–∏–∑–æ–ª—è—Ü–∏—é,–∞ –≤—ã—Å–æ–∫–æ–∫–∞—á–µ—Å—Ç–≤–µ–Ω–Ω—ã–µ –∏ —ç—Å—Ç–µ—Ç–∏—á–Ω—ã–µ –º–∞—Ç–µ—Ä–∏–∞–ª—ã —Ñ–∞—Å–∞–¥–∞ –±—É–¥—É—Ç —Ä–∞–¥–æ–≤–∞—Ç—å –≤–∞—Å –º–Ω–æ–≥–∏–µ –≥–æ–¥—ã, –Ω–µ —Ç–µ—Ä—è—è –∞–∫—Ç—É–∞–ª—å–Ω–æ—Å—Ç–∏, –±–ª–∞–≥–æ–¥–∞—Ä—è —Å–≤–æ–µ–π –∏–∑–Ω–æ—Å–æ—Å—Ç–æ–π–∫–æ—Å—Ç–∏–∏ –¥–æ–ª–≥–æ–≤–µ—á–Ω–æ—Å—Ç–∏.",–ê—Å—Ç–∞–Ω–∞,2024,,61.95 –º¬≤,
36,690811866,"2-–∫–æ–º–Ω–∞—Ç–Ω–∞—è –∫–≤–∞—Ä—Ç–∏—Ä–∞, 40 –º¬≤, 2/4 —ç—Ç–∞–∂, –ï652",19 900 000„Äí,"–ü—Ä–æ–¥–∞–µ—Ç—Å—è –ø—Ä–µ–∫—Ä–∞—Å–Ω–∞—è 2—Ö. –∫–æ–º–Ω. –∫–≤–∞—Ä—Ç–∏—Ä–∞-—Å—Ç—É–¥–∏—è –≤ –ñ–ö ¬´Family Town¬ª –Ω–∞ –ª–µ–≤–æ–º –±–µ—Ä–µ–≥—É  ‚¶Å –°–≤–µ–∂–∏–π –Ω–æ–≤—ã–π —Ä–µ–º–æ–Ω—Ç, —Ç–æ–ª—å–∫–æ –∑–∞–∫–æ–Ω—á–∏–ª–∏;  ‚¶Å –í—Å–µ –¥–µ–ª–∞–ª–∏ –¥–ª—è —Å–µ–±—è, –¥–µ–Ω–µ–≥ –Ω–µ –∂–∞–ª–µ–ª–∏ –Ω–∞ —Ä–µ–º–æ–Ω—Ç;  ‚¶Å –ó–∞—Å—Ç—Ä–æ–π—â–∏–∫ ‚Äì Bi Group;  ‚¶Å –î–æ–º –∫–æ–º—Ñ–æ—Ä—Ç –∫–ª–∞—Å—Å–∞;  ‚¶Å –ù–µ –≤ –∑–∞–ª–æ–≥–µ;  ‚¶Å –ù–µ —É–≥–ª–æ–≤–∞—è;  ‚¶Å –¥–æ–∫—É–º–µ–Ω—Ç—ã –≤—Å–µ –≤ –ø–æ—Ä—è–¥–∫–µ;  ‚¶Å –†–∞—Å—Å–º–∞—Ç—Ä–∏–≤–∞–µ—Ç—Å—è –∏–ø–æ—Ç–µ–∫–∞, –ø–µ–Ω—Å–∏–æ–Ω–Ω—ã–µ –∏–ª–∏ –Ω–∞–ª–∏—á–Ω—ã–π —Ä–∞—Å—á–µ—Ç;  ‚¶Å 2 —ç—Ç–∞–∂, —á—Ç–æ –æ—á–µ–Ω—å —É–¥–æ–±–Ω–æ;  ‚¶Å –•–æ—Ä–æ—à–∞—è —à—É–º–æ–∏–∑–æ–ª—è—Ü–∏—è;  ‚¶Å –®–∏—Ä–æ–∫–∏–µ –ø–æ–¥—ä–µ–∑–¥—ã;  ‚¶Å –ë–µ—Å—à—É–º–Ω—ã–π –∏ –∫–æ–º—Ñ–æ—Ä—Ç–Ω—ã–π –ª–∏—Ñ—Ç;  ‚¶Å –•–æ—Ä–æ—à–∏–π, –∑–∞–∫—Ä—ã—Ç—ã–π –¥–≤–æ—Ä —Å –¥–µ—Ç—Å–∫–∏–º–∏ –∏ —Å–ø–æ—Ä—Ç–∏–≤–Ω—ã–º–∏ –ø–ª–æ—â–∞–¥–∫–∞–º–∏;  ‚¶Å –î–≤–æ—Ä —Ç–∏—Ö–∏–π, –Ω–∞—Ö–æ–¥–∏—Ç—Å—è –ø–æ–¥ –≤–∏–¥–µ–æ–Ω–∞–±–ª—é–¥–µ–Ω–∏–µ–º;  ‚¶Å –¶–µ–Ω–∞ –æ—á–µ–Ω—å —Ö–æ—Ä–æ—à–∞—è –¥–ª—è —ç—Ç–æ–≥–æ —Ä–∞–π–æ–Ω–∞;  ‚¶Å –ù–∞ —Ç–µ—Ä—Ä–∏—Ç–æ—Ä–∏–∏ –∂–∏–ª–æ–≥–æ –∫–æ–º–ø–ª–µ–∫—Å–∞ –µ—Å—Ç—å –º–∞–≥–∞–∑–∏–Ω—ã, –∞–ø—Ç–µ–∫–∏, —Å—Ç—É–¥–∏–∏ –∫—Ä–∞—Å–æ—Ç—ã, –¥–µ—Ç—Å–∫–∏–µ –æ–±—Ä–∞–∑–æ–≤–∞—Ç–µ–ª—å–Ω—ã–µ —Ü–µ–Ω—Ç—Ä—ã;  ‚¶Å –í 15 –º–∏–Ω—É—Ç–∞—Ö –Ω–∞—Ö–æ–¥–∏—Ç—Å—è EXPO, –†–µ—Å–ø—É–±–ª–∏–∫–∞–ª—ã“õ –ë–∞—Å –ú–µ—à—ñ—Ç, –ë–æ—Ç–∞–Ω–∏—á–µ—Å–∫–∏–π —Å–∞–¥, –ù–∞–∑–∞—Ä–±–∞–µ–≤ —É–Ω–∏–≤–µ—Ä—Å–∏—Ç–µ—Ç, –ù–∞–∑–∞—Ä–±–∞–µ–≤ —à–∫–æ–ª–∞, MEGA SILK WAY –∏ –º–Ω–æ–≥–æ–µ –¥—Ä—É–≥–æ–µ.  –î–æ–ø–æ–ª–Ω–∏—Ç–µ–ª—å–Ω–æ: –æ—Ç –∫–æ–º–ø–∞–Ω–∏–∏ –ø–æ–ª–Ω–æ–µ —é—Ä–∏–¥–∏—á–µ—Å–∫–æ–µ —Å–æ–ø—Ä–æ–≤–æ–∂–¥–µ–Ω–∏–µ –ø–æ –∏–ø–æ—Ç–µ–∫–µ –∏ –ø–µ–Ω—Å–∏–æ–Ω–Ω—ã–º –æ—Ç—á–∏—Å–ª–µ–Ω–∏—è–º.",–ê—Å—Ç–∞–Ω–∞,2015,2 –∏–∑ 4,40 –º¬≤,
37,682690894,"2-–∫–æ–º–Ω–∞—Ç–Ω–∞—è –∫–≤–∞—Ä—Ç–∏—Ä–∞, 69.42 –º¬≤, –ë–∞–π—Ç—É—Ä—Å—ã–Ω–æ–≤–∞ ‚Äî –ê426",,"–ñ–∏–ª–æ–π –∫–≤–∞—Ä—Ç–∞–ª ¬´Dauletti Qalashyq¬ª - —Å–æ–≤—Ä–µ–º–µ–Ω–Ω—ã–π –º–∞—Å—à—Ç–∞–±–Ω—ã–π –ø—Ä–æ–µ–∫—Ç –∫–æ–º–ø–∞–Ω–∏–∏ ¬´Grand Building Group¬ª, –≤ –∫–æ—Ç–æ—Ä–æ–º –¥–µ—Ç–∞–ª—å–Ω–æ –ø—Ä–æ—Ä–∞–±–æ—Ç–∞–Ω—ã –≤—Å–µ –∞—Å–ø–µ–∫—Ç—ã –∫–æ–º—Ñ–æ—Ä—Ç–Ω–æ–π –∏ –≥–∞—Ä–º–æ–Ω–∏—á–Ω–æ–π —Å–µ–º–µ–π–Ω–æ–π –∂–∏–∑–Ω–∏ –≤ —Å–æ–≤—Ä–µ–º–µ–Ω–Ω–æ–º –≥–æ—Ä–æ–¥–µ.–ü—Ä–µ–∏–º—É—â–µ—Å—Ç–≤–∞:üí•IP –¥–æ–º–æ—Ñ–æ–Ω–∏—è,üí•—ç–ª–µ–∫—Ç—Ä–æ–Ω–Ω—ã–π –∑–∞–º–æ–∫,üí•–ø–æ–∂–∞—Ä–Ω–∞—è —Å–∏–≥–Ω–∞–ª–∏–∑–∞—Ü–∏—è,üí•–¥–∞—Ç—á–∏–∫ –ø—Ä–æ—Ç–µ—á–∫–∏ –≤–æ–¥—ã,üí•Face IDüí•Touch IDüí•–ï—Å—Ç—å –∫–æ–º–º–µ—Ä—á–µ—Å–∫–∏–µ –ø–æ–º–µ—â–µ–Ω–∏—è, –≤—ã—Å–æ—Ç–∞ –ø–æ—Ç–æ–ª–∫–æ–≤: 4 –º–µ—Ç—Ä–∞üí•–í—ä–µ–∑–¥ –≤ –ø–∞—Ä–∫–∏–Ω–≥ –ø–æ —Å—á–∏—Ç—ã–≤–∞–Ω–∏—é –Ω–æ–º–µ—Ä–æ–≤üí•–í–∏–¥–µ–æ–Ω–∞–±–ª—é–¥–µ–Ω–∏–µüí•–ü–æ—Å—Ç/-—ã –æ—Ö—Ä–∞–Ω—ãüí•–ö–æ–Ω—Ç—Ä–æ–ª—å –≤—ä–µ–∑–¥–∞ –∏ –≤—ã–µ–∑–¥–∞ –Ω–∞ —Ç–µ—Ä—Ä–∏—Ç–æ—Ä–∏—é–ú–µ—Å—Ç–æ–ø–æ–ª–æ–∂–µ–Ω–∏–µ–ú—ã –≤–æ–∑–≤–æ–¥–∏–º –ø–µ—Ä–≤—É—é –æ—á–µ—Ä–µ–¥—å –∂–∏–ª–æ–≥–æ –∫–≤–∞—Ä—Ç–∞–ª–∞ - –∂–∏–ª–æ–π –∫–æ–º–ø–ª–µ–∫—Å ¬´Dauletti Qalashyq¬ª –≤ —Ä–∞–∑–≤–∏–≤–∞—é—â–µ–º—Å—è —Ä–∞–π–æ–Ω–µ –Ω–∞—à–µ–≥–æ –≥–æ—Ä–æ–¥–∞. –ñ–∏–ª–æ–π –∫–æ–º–ø–ª–µ–∫—Å –±—É–¥–µ—Ç —Å–æ—Å—Ç–æ—è—Ç—å –∏–∑ –¥–≤—É—Ö –¥–æ–º–æ–≤ –∏ —Ä–∞—Å–ø–æ–ª–æ–∂–∏—Ç—Å—è –Ω–∞ –ø–µ—Ä–µ—Å–µ—á–µ–Ω–∏–∏ —É–ª–∏—Ü –ê.–ë–∞–π—Ç—É—Ä—Å—ã–Ω–æ–≤–∞, –ê426 –∏ –ê427.Ôªø–ê—Ä—Ö–∏—Ç–µ–∫—Ç—É—Ä–∞:–í –ø–µ—Ä–≤–æ–º –¥–æ–º–µ 402 –∫–≤–∞—Ä—Ç–∏—Ä—ã, –≤–æ –≤—Ç–æ—Ä–æ–º - 325–ü—Ä–µ–¥—É—Å–º–æ—Ç—Ä–µ–Ω—ã 1, 2, 3 –∏ 4 –∫–æ–º–Ω–∞—Ç–Ω—ã–µ –∫–≤–∞—Ä—Ç–∏—Ä—ã–ù–∞ –ø–ª–æ—â–∞–¥–∫–µ 4-5 –∫–≤–∞—Ä—Ç–∏—Ä–í—ã—Å–æ—Ç–∞ –ø–æ—Ç–æ–ª–∫–æ–≤ –≤ –∫–≤–∞—Ä—Ç–∏—Ä–∞—Ö —Å–æ—Å—Ç–∞–≤–ª—è–µ—Ç 3 –º–µ—Ç—Ä–∞.2 —Å–∫–æ—Ä–æ—Å—Ç–Ω—ã—Ö –∏ –±–µ—Å—à—É–º–Ω—ã—Ö –ª–∏—Ñ—Ç–∞ (1 –ø–∞—Å—Å–∞–∂–∏—Ä—Å–∫–∏–π, 1 –≥—Ä—É–∑–æ–≤–æ–π)18 —ç—Ç–∞–∂–µ–π - 3 –±–µ—Å—à—É–º–Ω—ã—Ö –ª–∏—Ñ—Ç–∞ (2 –ø–∞—Å—Å–∞–∂–∏—Ä—Å–∫–∏—Ö, 1 –≥—Ä—É–∑–æ–≤–æ–π)–ú–µ–∂–∫–æ–º–Ω–∞—Ç–Ω—ã–µ —Å—Ç–µ–Ω—ã: –≥–∞–∑–∞ –±–ª–æ–∫–î–µ—Ç—Å–∫–∏–µ –∏–≥—Ä–æ–≤—ã–µ –∑–æ–Ω—ã, —Å–ø–æ—Ä—Ç–∏–≤–Ω—ã–µ –ø–ª–æ—â–∞–¥–∫–∏, –ª–∞–Ω–¥—à–∞—Ñ—Ç–Ω—ã–µ –¥–∏–∑–∞–π–Ω—ã–ò–Ω—Ñ—Ä–∞—Å—Ç—Ä—É–∫—Ç—É—Ä–∞–í –∫–æ–Ω—Ü–µ–ø—Ü–∏–∏ –∂–∏–ª–æ–≥–æ –∫–æ–º–ø–ª–µ–∫—Å–∞ –ø—Ä–µ–¥—É—Å–º–æ—Ç—Ä–µ–Ω–æ –≤—Å—ë –Ω–µ–æ–±—Ö–æ–¥–∏–º–æ–µ –¥–ª—è –ø–æ–ª–Ω–æ—Ü–µ–Ω–Ω–æ–π –∂–∏–∑–Ω–∏: –Ω–∞ –ø–µ—Ä–≤—ã—Ö —ç—Ç–∞–∂–∞—Ö —Ä–∞—Å–ø–æ–ª–æ–∂–µ–Ω—ã –ø–æ–º–µ—â–µ–Ω–∏—è –¥–ª—è –ø—Ä–æ–¥—É–∫—Ç–æ–≤—ã—Ö –º–∞–≥–∞–∑–∏–Ω–æ–≤, –∞–ø—Ç–µ–∫, —Ä–µ—Å—Ç–æ—Ä–∞–Ω–æ–≤, –∫–∞—Ñ–µ, –¥–µ—Ç—Å–∫–∏—Ö —É—á—Ä–µ–∂–¥–µ–Ω–∏–∏ –∏ –º–Ω–æ–≥–æ–≥–æ –¥—Ä—É–≥–æ–≥–æ. –†—è–¥–æ–º —Å –∫–æ–º–ø–ª–µ–∫—Å–æ–º —Ä–∞—Å–ø–æ–ª–æ–∂–µ–Ω–∞ —Å–æ–≤—Ä–µ–º–µ–Ω–Ω–∞—è —à–∫–æ–ª–∞ Binom, –Ω–æ–≤—ã–π, –∂–µ–ª–µ–∑–Ω–æ–¥–æ—Ä–æ–∂–Ω—ã–π –≤–æ–∫–∑–∞–ª ‚Äú–ù“±—Ä–ª—ã –∂–æ–ª‚Äù, –≤ –±–ª–∏–∂–∞–π—à–µ–º –æ–∫—Ä—É–∂–µ–Ω–∏–∏ - —Å—É–ø–µ—Ä–º–∞—Ä–∫–µ—Ç—ã, —Å—Ç—Ä–æ–∏—Ç–µ–ª—å–Ω—ã–µ –º–∞–≥–∞–∑–∏–Ω—ã, —Å–ø–æ—Ä—Ç–∏–≤–Ω—ã–µ –∫–æ–º–ø–ª–µ–∫—Å—ã.–ë–ª–∞–≥–æ—É—Å—Ç—Ä–æ–π—Å—Ç–≤–æ–î–≤–æ—Ä –∫–æ–º–ø–ª–µ–∫—Å–∞ –±–µ–∑ –∑–∞–µ–∑–¥–∞ –º–∞—à–∏–Ω - —ç—Ç–æ –æ—Ç–ª–∏—á–Ω—ã–π –∏ –±–µ–∑–æ–ø–∞—Å–Ω—ã–π –≤—ã–±–æ—Ä –¥–ª—è –ª—é–¥–µ–π, –∫–æ—Ç–æ—Ä—ã–º –≤–∞–∂–Ω—ã —É–¥–æ–±—Å—Ç–≤–æ –∏ –∫–æ–º—Ñ–æ—Ä—Ç –Ω–µ —Ç–æ–ª—å–∫–æ –≤–Ω—É—Ç—Ä–∏ —Å–≤–æ–µ–π –∫–≤–∞—Ä—Ç–∏—Ä—ã, –Ω–æ –∏ –∑–∞ –µ–µ –ø—Ä–µ–¥–µ–ª–∞–º–∏. –í–æ –¥–≤–æ—Ä–µ –¥–æ–º–∞ –±—É–¥—É—Ç –ø–æ—Å—Ç—Ä–æ–µ–Ω—ã –¥–µ—Ç—Å–∫–∏–µ –∏–≥—Ä–æ–≤—ã–µ –∑–æ–Ω—ã, —Å–ø–æ—Ä—Ç–∏–≤–Ω—ã–µ –ø–ª–æ—â–∞–¥–∫–∏, –±–µ—Å–µ–¥–∫–∏, –ª–∞–Ω–¥—à–∞—Ñ—Ç–Ω—ã–π –¥–∏–∑–∞–π–Ω –¥–≤–æ—Ä–æ–≤–æ–≥–æ –ø—Ä–æ—Å—Ç—Ä–∞–Ω—Å—Ç–≤–∞. –ó–¥–µ—Å—å –≤—ã —Å–º–æ–∂–µ—Ç–µ –æ—Ç–¥—ã—Ö–∞—Ç—å —Å–æ —Å–≤–æ–∏–º–∏ –¥–µ—Ç—å–º–∏ –∏ –Ω–∞—Å–ª–∞–∂–¥–∞—Ç—å—Å—è –ø—Ä–æ–≥—É–ª–∫–∞–º–∏ –Ω–∞ —Å–≤–µ–∂–µ–º –≤–æ–∑–¥—É—Ö–µ.–ö–≤–∞—Ä—Ç–∏—Ä—ã –≤ –ñ–ö ‚ÄúDauletti Qalashyq‚Äù –±—É–¥—É—Ç –æ–±–ª–∞–¥–∞—Ç—å —Å–ª–µ–¥—É—é—â–∏–º —Ä—è–¥–æ–º –ø—Ä–µ–∏–º—É—â–µ—Å—Ç–≤: IP-–¥–æ–º–æ—Ñ–æ–Ω–∏—è, —ç–ª–µ–∫—Ç—Ä–æ–Ω–Ω—ã–µ –∑–∞–º–∫–∏ Touch ID, –ø–æ–∂–∞—Ä–Ω–∞—è —Å–∏–≥–Ω–∞–ª–∏–∑–∞—Ü–∏—è, Face ID. –í –∫–æ–º–ø–ª–µ–∫—Å–µ –∏–º–µ–µ—Ç—Å—è —Å–≤–æ–π –≤–º–µ—Å—Ç–∏—Ç–µ–ª—å–Ω—ã–π –ø–æ–¥–∑–µ–º–Ω—ã–π –ø–∞—Ä–∫–∏–Ω–≥, –ø–æ—Å—Ç –æ—Ö—Ä–∞–Ω—ã. –í–∏–¥–µ–æ–Ω–∞–±–ª—é–¥–µ–Ω–∏–µ –ø–∞—Ä–∫–∏–Ω–≥–∞, –¥–≤–æ—Ä–∞ –∏ –∫–æ–º–ø–ª–µ–∫—Å–∞ –ø–æ –ø–µ—Ä–∏–º–µ—Ç—Ä—É –±—É–¥—É—Ç —Ä–∞–±–æ—Ç–∞—Ç—å 24 —á–∞—Å–∞ –≤ —Å—É—Ç–∫–∏. –ò–Ω—Ç–µ–ª–ª–µ–∫—Ç—É–∞–ª—å–Ω–æ–µ –æ—Å–≤–µ—â–µ–Ω–∏–µ –ø–æ–∑–≤–æ–ª–∏—Ç –∑–Ω–∞—á–∏—Ç–µ–ª—å–Ω–æ —Å—ç–∫–æ–Ω–æ–º–∏—Ç—å –∑–∞—Ç—Ä–∞—Ç—ã –∑–∞ —ç–ª–µ–∫—Ç—Ä–æ—ç–Ω–µ—Ä–≥–∏—é –∏ –∫–æ–Ω—Ç—Ä–æ–ª—å –≤—ä–µ–∑–¥–∞ –∏ –≤—ã–µ–∑–¥–∞ –º–∞—à–∏–Ω.–ñ–ö ‚ÄúDauletti Qalashyq‚Äù - —ç—Ç–æ —Å–æ–≤—Ä–µ–º–µ–Ω–Ω—ã–π –≤–∑–≥–ª—è–¥ –Ω–∞ –∂–∏–∑–Ω—å –≤ –ø—Ä–æ–≥—Ä–µ—Å—Å–∏–≤–Ω–æ —Ä–∞–∑–≤–∏–≤–∞—é—â–µ–º—Å—è —Ä–∞–π–æ–Ω–µ —Å—Ç–æ–ª–∏—Ü—ã.",–ê—Å—Ç–∞–Ω–∞,2024,,69.42 –º¬≤,
38,687015013,"1-–∫–æ–º–Ω–∞—Ç–Ω–∞—è –∫–≤–∞—Ä—Ç–∏—Ä–∞, 48.34 –º¬≤, –¢–æ–ª–µ –ë–∏",,"‚ö°–ê–∫—Ü–∏—è‚ö°–°–∫–∏–¥–∫–∏ –Ω–∞ –∫–≤–∞—Ä—Ç–∏—Ä—ã!–û–¥–Ω–æ–∫–æ–º–Ω–∞—Ç–Ω–∞—è:15 481 575 —Ç–Ω–≥, –≤–º–µ—Å—Ç–æ 17 201 750 —Ç–Ω–≥–î–≤—É—Ö–∫–æ–º–Ω–∞—Ç–Ω–∞—è:18 796 585 —Ç–Ω–≥, –≤–º–µ—Å—Ç–æ 20 425 450 —Ç–Ω–≥–¢—Ä–µ—Ö–∫–æ–º–Ω–∞—Ç–Ω–∞—è:29 066 600 —Ç–Ω–≥, –≤–º–µ—Å—Ç–æ 32 913 650 —Ç–Ω–≥–£—Å–ø–µ–π—Ç–µ –∏—Å–ø–æ–ª–Ω–∏—Ç—å —Å–≤–æ—é –º–µ—á—Ç—É –≤–º–µ—Å—Ç–µ —Å DDDgroup.–ü—Ä–µ–∏–º—É—â–µ—Å—Ç–≤–∞:‚ûï–ú–µ—Å—Ç–æ–ø–æ–ª–æ–∂–µ–Ω–∏–µ –ñ–ö‚ûï–í—ã—Å–æ—Ç–∞ –ø–æ—Ç–æ–ª–∫–æ–≤ 3 –º‚ûï–í—ã—Å–æ—Ç–∞ –æ–∫–Ω–∞ 2 –º‚ûï–¶–µ–Ω—Ç—Ä–∞–ª—å–Ω—ã–µ –∫–æ–º–º—É–Ω–∏–∫–∞—Ü–∏–∏‚ûï–î–∏–∑–∞–π–Ω —Ö–æ–ª–ª–æ–≤: —Ö–æ–ª–ª—ã –≤—ã–ø–æ–ª–Ω–µ–Ω—ã –≤ —Å–æ–≤—Ä–µ–º–µ–Ω–Ω–æ–π –∏–Ω–¥–∏–≤–∏–¥—É–∞–ª—å–Ω–æ–π –∫–æ–Ω—Ü–µ–ø—Ü–∏–∏‚ûï–õ–∞–Ω–¥—à–∞—Ñ—Ç–Ω—ã–π –¥–∏–∑–∞–π–Ω: –ø—Ä–æ–¥—É–º–∞–Ω–Ω–∞—è —Ç–µ—Ä—Ä–∏—Ç–æ—Ä–∏—è –¥–≤–æ—Ä–æ–≤ —Å –±–æ–ª—å—à–∏–º –º–Ω–æ–≥–æ–æ–±—Ä–∞–∑–∏–µ–º –¥–µ—Ç—Å–∫–∏—Ö –ø–ª–æ—â–∞–¥–æ–∫ –∏ —É—é—Ç–Ω—ã–º–∏ –∑–µ–ª–µ–Ω—ã–º–∏ –∑–æ–Ω–∞–º–∏ –¥–ª—è –æ—Ç–¥—ã—Ö–∞‚ûï–ë–µ–∑–æ–ø–∞—Å–Ω–æ—Å—Ç—å: –∑–∞–∫—Ä—ã—Ç—ã–π, –≤–Ω—É—Ç—Ä–µ–Ω–Ω–∏–π –¥–≤–æ—Ä –±–µ–∑ –º–∞—à–∏–Ω, –≤–∏–¥–µ–æ–Ω–∞–±–ª—é–¥–µ–Ω–∏–µ –ø–æ –≤—Å–µ–º—É –ø–µ—Ä–∏–º–µ—Ç—Ä—É –¥–æ–º–∞, –º–µ—Å—Ç–∞—Ö –æ–±—â–µ–≥–æ –ø–æ–ª—å–∑–æ–≤–∞–Ω–∏—è (–ø–∞—Ä–∫–∏–Ω–≥, –ª–∏—Ñ—Ç—ã)‚ûï–ù–∞–¥–∑–µ–º–Ω—ã–π –ø–∞—Ä–∫–∏–Ω–≥‚ûï–£–º–Ω—ã–π –∑–∞–º–æ–∫ –Ω–∞ –≤—Ö–æ–¥–Ω–æ–π –¥–≤–µ—Ä–∏ –≤ –∫–≤–∞—Ä—Ç–∏—Ä—É–ú–µ—Å—Ç–æ–ø–æ–ª–æ–∂–µ–Ω–∏–∏–µ–ñ–∏–ª–æ–π –ö–æ–º–ø–ª–µ–∫—Å ¬´West Side¬ª —Ä–∞—Å–ø–æ–ª–æ–∂–∏–ª—Å—è –≤ –æ–¥–Ω–æ–º –∏–∑ —Å–∞–º—ã—Ö –≤–æ—Å—Ç—Ä–µ–±–æ–≤–∞–Ω–Ω—ã—Ö –∏ –±—ã—Å—Ç—Ä–æ—Ä–∞–∑–≤–∏–≤–∞—é—â–∏—Ö—Å—è —Ä–∞–π–æ–Ω–æ–≤ –ª–µ–≤–æ–≥–æ –±–µ—Ä–µ–≥–∞ –Ω–∞—à–µ–π —Å—Ç–æ–ª–∏—Ü—ã, –≤ –∑–∞–ø–∞–¥–Ω–æ–π –µ–≥–æ —á–∞—Å—Ç–∏, –Ω–∞ –ø–µ—Ä–µ—Å–µ—á–µ–Ω–∏–∏ —É–ª. –¢–æ–ª–µ –ë–∏ –∏ ‚Ññ26 (–ë—É—Ö–∞—Ä –ñ—ã—Ä–∞—É) —Ä—è–¥–æ–º —Å –ø—Ä–æ—Å–ø–µ–∫—Ç–æ–º –¢—É—Ä–∞–Ω. –° –¥–æ—Å—Ç—É–ø–æ–º –∫ –¥–µ–ª–æ–≤–æ–º—É –∏ –∫—É–ª—å—Ç—É—Ä–Ω–æ–º—É —Ü–µ–Ω—Ç—Ä—É –≥–æ—Ä–æ–¥–∞ –∏ –æ–±—ä–µ–∫—Ç–∞–º–∏ –≤—Å–µ–π –Ω–µ–æ–±—Ö–æ–¥–∏–º–æ–π –∏–Ω—Ñ—Ä–∞—Å—Ç—Ä—É–∫—Ç—É—Ä—ã.–ò–Ω—Ñ—Ä–∞—Å—Ç—Ä—É–∫—Ç—É—Ä–∞–í –ø—è—Ç–∏ –º–∏–Ω—É—Ç–∞—Ö –±—É–¥—É—Ç —Ä–∞—Å–ø–æ–ª–æ–∂–µ–Ω—ã —Ç—Ä–∏ —à–∫–æ–ª—ã –∏ –¥–µ—Ç—Å–∫–∏–µ —Å–∞–¥—ã, –æ–¥–Ω–∞ –∏–∑ –Ω–∏—Ö ¬´–ö–æ–º—Ñ–æ—Ä—Ç–Ω–∞—è —à–∫–æ–ª–∞¬ª. –¢–∞–∫–∂–µ —Ä—è–¥–æ–º: –ª–µ–≥–∫–æ–∞—Ç–ª–µ—Ç–∏—á–µ—Å–∫–∏–π –∫–æ–º–ø–ª–µ–∫—Å ¬´Qazaqstan¬ª, –æ–∑–µ—Ä–æ –ú–∞–ª—ã–π –¢–∞–ª–¥—ã–∫–æ–ª—å (–≤ –±—É–¥—É—â–µ–º –±—É–¥–µ—Ç –±—É–¥–µ—Ç —Å–æ–∑–¥–∞–Ω —ç–∫–æ–ø–∞—Ä–∫), ‚Äã–º–Ω–æ–≥–æ—Ñ—É–Ω–∫—Ü–∏–æ–Ω–∞–ª—å–Ω—ã–π –ª–µ–¥–æ–≤—ã–π –¥–≤–æ—Ä–µ—Ü ¬´–ë–∞—Ä—ã—Å-–ê—Ä–µ–Ω–∞¬ª, —à–∫–æ–ª–∞ ¬´Alpamys school¬ª, –ª–µ–¥–æ–≤—ã–π –¥–≤–æ—Ä–µ—Ü ¬´–ê–ª–∞—É¬ª, —Ñ–∏—Ç–Ω–µ—Å-–∫–ª—É–± ¬´Invictus GO¬ª, —Å—Ç–∞–¥–∏–æ–Ω ¬´–ê—Å—Ç–∞–Ω–∞-–ê—Ä–µ–Ω–∞¬ª, –≤–µ–ª–æ—Ç—Ä–µ–∫ ¬´–°–∞—Ä—ã–∞—Ä–∫–∞¬ª, –±–æ—Ç–∞–Ω–∏—á–µ—Å–∫–∏–π —Å–∞–¥, —à–∫–æ–ª–∞-–ª–∏—Ü–µ–π ‚Ññ85 –∏–º. –¢–∞–º–∏–º–∞ –±–µ–Ω –•–∞–º–∞–¥–∞ –∞–ª—å-–¢–∞–Ω–∏, —à–∫–æ–ª–∞-–ª–∏—Ü–µ–π ‚Ññ84, —Å—É–ø–µ—Ä–º–∞–∫–µ—Ç—ã ¬´Small¬ª, ¬´Magnum¬ª, –¢–†–¶ ¬´Mega Silk Way¬ª, —É–Ω–∏–≤–µ—Ä—Å–∏—Ç–µ—Ç ¬´–ù–∞–∑–∞—Ä–±–∞–µ–≤ –£–Ω–∏–≤–µ—Ä—Å–∏—Ç–µ—Ç¬ª, –ø–∞–≤–∏–ª—å–æ–Ω-–º—É–∑–µ–π ¬´–ù“±—Ä ”ò–ª–µ–º¬ª (EXPO-2017), –¢–†–¶ Ellington Mall (–æ—Ç–∫—Ä—ã—Ç–∏–µ –≤ 2025 –≥–æ–¥—É), –¥–µ—Ç—Å–∫–∏–µ —Å–∞–¥—ã, –∞–ø—Ç–µ–∫–∏, –º–∞–≥–∞–∑–∏–Ω—ã, —á–∞—Å—Ç–Ω—ã–µ –∫–ª–∏–Ω–∏–∫–∏.–¢–µ—Ö–Ω–∏—á–µ—Å–∫–∏–µ —Ö–∞—Ä–∞–∫—Ç–µ—Ä–∏—Å—Ç–∏–∫–∏–ñ–∏–ª–æ–π –∫–æ–º–ø–ª–µ–∫—Å —Å–æ—Å—Ç–æ–∏—Ç –∏–∑ —á–µ—Ç—ã—Ä–µ—Ö 9-—Ç–∏ —ç—Ç–∞–∂–Ω—ã—Ö –±–ª–æ–∫–æ–≤ —Å–æ –≤—Å—Ç—Ä–æ–µ–Ω–Ω—ã–º–∏ —Ç–æ—Ä–≥–æ–≤–æ-–æ—Ñ–∏—Å–Ω—ã–º–∏ –ø–æ–º–µ—â–µ–Ω–∏—è–º–∏ –∏ –æ–¥–Ω–æ—ç—Ç–∞–∂–Ω—ã–º –ø–∞—Ä–∫–∏–Ω–≥–æ–º. 1 –∏ 4 –±–ª–æ–∫–∏ –∏–º–µ—é—Ç —É–≥–ª–æ–≤—É—é –∫–æ–Ω—Ñ–∏–≥—É—Ä–∞—Ü–∏—é, –∞ 2 –∏ 3 –ø—Ä—è–º–æ—É–≥–æ–ª—å–Ω—É—é. –ó–∞ –æ—Å–Ω–æ–≤—É –≤–Ω–µ—à–Ω–µ–≥–æ –æ–±–ª–∏–∫–∞ ¬´West Side¬ª –≤–∑—è—Ç—ã –ª—É—á—à–∏–µ –æ–±—Ä–∞–∑—Ü—ã –∫–æ–Ω—Å—Ç—Ä—É–∫—Ç–∏–≤–∏—Å—Ç—Å–∫–æ–≥–æ –≥—Ä–∞–¥–æ—Å—Ç—Ä–æ–µ–Ω–∏—è —Å –∏—Ö –æ–ø—Ç–∏–º–∞–ª—å–Ω–æ–π –≤—ã—Å–æ—Ç–Ω–æ—Å—Ç—å—é, –≤—ã–≤–µ—Ä–µ–Ω–Ω–æ–π –≥–µ–æ–º–µ—Ç—Ä–∏–µ–π –ª–∏–Ω–∏–π –∏ –≤—ã–¥–µ—Ä–∂–∞–Ω–Ω—ã–º –≤–∏–∑—É–∞–ª—å–Ω—ã–º —Ä–µ—à–µ–Ω–∏–µ–º.–ü–ª–∞–Ω–∏—Ä–æ–≤–∫–∏–ö–≤–∞—Ä—Ç–∏—Ä—ã —Å–¥–∞—é—Ç—Å—è –≤ —É–ª—É—á—à–µ–Ω–Ω–æ–π —á–µ—Ä–Ω–æ–≤–æ–π –æ—Ç–¥–µ–ª–∫–µ –∏ –≥–æ—Ç–æ–≤—ã –∫ —á–∏—Å—Ç–æ–≤–æ–º—É —Ä–µ–º–æ–Ω—Ç—É. –ë–ª–∞–≥–æ–¥–∞—Ä—è —É–¥–æ–±–Ω—ã–º –ø–ª–∞–Ω–∏—Ä–æ–≤–∫–∞–º –∏ –≤—ã—Å–æ–∫–∏–º –ø–æ—Ç–æ–ª–∫–∞–º –í—ã —Å–º–æ–∂–µ—Ç–µ —Ä–µ–∞–ª–∏–∑–æ–≤–∞—Ç—å –≤—Å–µ —Å–≤–æ–∏ –ø–æ–∂–µ–ª–∞–Ω–∏—è –≤ –æ—Ä–≥–∞–Ω–∏–∑–∞—Ü–∏–∏ –ø—Ä–æ—Å—Ç—Ä–∞–Ω—Å—Ç–≤–∞.",–ê—Å—Ç–∞–Ω–∞,2024,,48.34 –º¬≤,
39,689435808,"1-–∫–æ–º–Ω–∞—Ç–Ω–∞—è –∫–≤–∞—Ä—Ç–∏—Ä–∞, 43.13 –º¬≤, 6/9 —ç—Ç–∞–∂, –ê–π–Ω–∞–∫–æ–ª 66/1",19 500 000„Äí,"–°—Ä–æ—á–Ω–æ –ø—Ä–æ–¥–∞–µ—Ç—Å—è –æ–¥–Ω–æ–∫–æ–º–Ω–∞—Ç–Ω–∞—è –∫–≤–∞—Ä—Ç–∏—Ä–∞ –≤ –ñ–ö ‚ÄúSenator Park‚Äù   –î–æ–º - –∫–æ–º—Ñ–æ—Ä—Ç –∫–ª–∞—Å—Å–∞!   –û—á–µ–Ω—å —Ä–∞–∑–≤–∏—Ç–∞—è –∏–Ω—Ñ—Ä–∞—Å—Ç—Ä—É–∫—Ç—É—Ä–∞!   –û—á–µ–Ω—å —Ö–æ—Ä–æ—à–∞—è —Ç—Ä–∞–Ω—Å–ø–æ—Ä—Ç–Ω–∞—è —Ä–∞–∑–≤—è–∑–∫–∞.   –ö—Ä—ã—Ç—ã–π –¥–≤–æ—Ä, —Å–æ —Å–≤–æ–µ–π –¥–µ—Ç—Å–∫–æ–π –ø–ª–æ—â–∞–¥–∫–æ–π.  –ö–≤–∞—Ä—Ç–∏—Ä–∞ –ø—Ä–æ–¥–∞–µ—Ç—Å—è –ø–æ–ª–Ω–æ—Å—Ç—å—é —Å –º–µ–±–µ–ª—å—é –∏ –ø–æ –≤—ã–≥–æ–¥–Ω–æ–π —Ü–µ–Ω–µ.   –í—Å—è –º–µ–±–µ–ª—å –∏ —Ç–µ—Ö–Ω–∏–∫–∞ –±—ã—Ç–æ–≤–∞—è –Ω–æ–≤–∞—è. –ö–ª–∞—Å—Å–Ω–æ–µ –º–µ—Å—Ç–æ—Ä–∞—Å–ø–æ–ª–æ–∂–µ–Ω–∏–µ: —Ä—è–¥–æ–º —à–∫–æ–ª–∞, –¥–µ—Ç—Å–∫–∏–π —Å–∞–¥, –º–∞–≥–∞–∑–∏–Ω—ã, –æ—Å—Ç–∞–Ω–æ–≤–∫–∏.  –ó–∞ –Ω–∞–ª–∏—á–Ω—ã–π —Ä–∞—Å—á–µ—Ç.   –£–º–µ—Å—Ç–µ–Ω —Ç–æ—Ä–≥.  –ü–æ –≤—Å–µ–º –≤–æ–ø—Ä–æ—Å–∞–º –∑–≤–æ–Ω–∏—Ç—å!",–ê—Å—Ç–∞–Ω–∞,2022,6 –∏–∑ 9,43.13 –º¬≤,—Ö–æ—Ä–æ—à–µ–µ
40,678811620,"4-–∫–æ–º–Ω–∞—Ç–Ω–∞—è –∫–≤–∞—Ä—Ç–∏—Ä–∞, 104.24 –º¬≤, –£–ª—ã –¥–∞–ª–∞",,"–ü—Ä–µ–∏–º—É—â–µ—Å—Ç–≤–∞:üí•–î–∏–∑–∞–π–Ω–µ—Ä—Å–∫–∏–µ —Ö–æ–ª–ª—ãüí•–ó–æ–Ω—ã –¥–ª—è –æ—Ç–¥—ã—Ö–∞üí•–û–∑–µ–ª–µ–Ω–µ–Ω–Ω–∞—è —Ç–µ—Ä—Ä–∏—Ç–æ—Ä–∏—èüí•–í—Å—Ç—Ä–æ–µ–Ω–Ω—ã–π –ø–∞—Ä–∫–∏–Ω–≥üí•–£–≤–µ–ª–∏—á–µ–Ω–Ω—ã–µ –æ–∫–Ω–∞–†–∞—Å–ø–æ–ª–æ–∂–µ–Ω–∏–µ–ö–æ–º–ø–ª–µ–∫—Å –Ω–∞—Ö–æ–¥–∏—Ç—Å—è –≤ –æ–∫—Ä—É–∂–µ–Ω–∏–∏ –≥–æ—Ç–æ–≤—ã—Ö –æ–±—ä–µ–∫—Ç–æ–≤ –∏–Ω—Ñ—Ä–∞—Å—Ç—Ä—É–∫—Ç—É—Ä—ã –≥–æ—Ä–æ–¥–∞: —à–∫–æ–ª–∞, —Å–ø–æ—Ä—Ç–∏–≤–Ω—ã–π –∫–æ–º–ø–ª–µ–∫—Å, –∑–∞–ø—Ä–∞–≤–∫–∏, –º–∞–≥–∞–∑–∏–Ω—ã. –†–∞–∑–≤–µ—Ç–≤–ª–µ–Ω–Ω–∞—è —Ç—Ä–∞–Ω—Å–ø–æ—Ä—Ç–Ω–∞—è –∏–Ω—Ñ—Ä–∞—Å—Ç—Ä—É–∫—Ç—É—Ä–∞, –≤–æ–∑–º–æ–∂–Ω–æ—Å—Ç—å –¥–æ–±—Ä–∞—Ç—å—Å—è –¥–æ –Ω–æ–≤–æ–≥–æ –≤–æ–∫–∑–∞–ª–∞ ""–ù—Ä–ª—ã –∂–æ–ª"" –∏ –ê—ç—Ä–æ–ø–æ—Ä—Ç–∞ —Å—Ç–æ–ª–∏—Ü—ã –∑–∞ –æ—á–µ–Ω—å –∫–æ—Ä–æ—Ç–∫–æ–µ –≤—Ä–µ–º—è. –ñ–∏–ª–æ–π –∫–æ–º–ø–ª–µ–∫—Å —Ä–∞—Å–ø–æ–ª–æ–∂–µ–Ω –≤ –∂–∏–≤–æ–ø–∏—Å–Ω–æ–π –∑–æ–Ω–µ, —á—Ç–æ –Ω–∞—à–ª–æ –æ—Ç—Ä–∞–∂–µ–Ω–∏–µ –≤ –æ–±—â–µ–π –ø–ª–∞–Ω–∏—Ä–æ–≤–æ—á–Ω–æ–π —Å—Ç—Ä—É–∫—Ç—É—Ä–µ —É—á–∞—Å—Ç–∫–∞ –∏ –∫–æ–º–ø–æ–∑–∏—Ü–∏–æ–Ω–Ω–æ–º —Ä–µ—à–µ–Ω–∏–∏ –æ–±—ä–µ–∫—Ç–æ–≤, —Å–æ—Å—Ç–∞–≤–ª—è—é—â–∏—Ö —Å—Ç—Ä—É–∫—Ç—É—Ä—É –∫–æ–º–ø–ª–µ–∫—Å–∞. –û–Ω —Å–æ—á–µ—Ç–∞–µ—Ç –≤ —Å–µ–±–µ –º–Ω–æ–∂–µ—Å—Ç–≤–æ –ø—Ä–µ–∏–º—É—â–µ—Å—Ç–≤ ‚Äî –æ—Ç —Ä–∞—Å–ø–æ–ª–æ–∂–µ–Ω–∏—è –∏ –æ–∑–µ–ª–µ–Ω–µ–Ω–Ω–æ–π —Ç–µ—Ä—Ä–∏—Ç–æ—Ä–∏–∏ –¥–æ —Å–≤–æ–±–æ–¥–Ω—ã—Ö –ø–ª–∞–Ω–∏—Ä–æ–≤–æ–∫ –∏ —Ä–∞–∑–≤–∏—Ç–æ–π –≤–Ω—É—Ç—Ä–µ–Ω–Ω–µ–π –∏–Ω—Ñ—Ä–∞—Å—Ç—Ä—É–∫—Ç—É—Ä—ã.–ê—Ä—Ö–∏—Ç–µ–∫—Ç—É—Ä–∞–ö–æ–º–ø–ª–µ–∫—Å, –∫–æ—Ç–æ—Ä—ã–π —Å–æ—á–µ—Ç–∞–µ—Ç –≤ —Å–µ–±–µ —Å–æ–≤—Ä–µ–º–µ–Ω–Ω—ã–µ —Ç–µ—Ö–Ω–æ–ª–æ–≥–∏–∏ —Å—Ç—Ä–æ–∏—Ç–µ–ª—å—Å—Ç–≤–∞ –∏ –ª–∞–∫–æ–Ω–∏—á–Ω—ã–π —Å—Ç–∏–ª—å –∞—Ä—Ö–∏—Ç–µ–∫—Ç—É—Ä—ã, –∫–∞—á–µ—Å—Ç–≤–æ –∏ –¥–æ—Å—Ç—É–ø–Ω–æ—Å—Ç—å –¥–ª—è –ø–æ–∫—É–ø–∞—Ç–µ–ª–µ–π. –ñ–ö ¬´AIVA¬ª —Å—Ç—Ä–æ–∏—Ç—Å—è –ø–æ –ø—Ä–æ—Å–ø–µ–∫—Ç—É –£–ª—ã –î–∞–ª–∞ , –Ω–∞ –æ–±—à–∏—Ä–Ω–æ–π —Ç–µ—Ä—Ä–∏—Ç–æ—Ä–∏–∏ –ø–ª–æ—â–∞–¥—å—é 1,2021 –ì–∞ –∏ —Å–æ—Å—Ç–æ–∏—Ç –∏–∑ –¥–≤—É—Ö –æ—á–µ—Ä–µ–¥–µ–π , 1-–∞—è –æ—á–µ—Ä–µ–¥—å 176 –∫–≤–∞—Ä—Ç–∏—Ä , 2 –æ—á–µ—Ä–µ–¥—å 144 –∫–≤–∞—Ä—Ç–∏—Ä , –≤ –æ–±—â–µ–º 320 –∫–≤–∞—Ä—Ç–∏—Ä.–ö–∞—Ä–∫–∞—Å - –º–æ–Ω–æ–ª–∏—Ç–Ω—ã–π –∂–µ–ª–µ–∑–æ–±–µ—Ç–æ–Ω. –í—ã—Å–æ—Ç–∞–∫ –ø–æ—Ç–æ–ª–∫–∞ –∂–∏–ª–æ–π –ø–ª–æ—â–∞–¥–∫–∏ - 2.85–º–§–∞—Å–∞–¥ - –≤–µ–Ω—Ç–∏–ª–∏—Ä—É–µ–º—ã–π, –∏–∑ —Ñ–∏–±—Ä–æ—Ü–µ–º–µ–Ω—Ç–Ω—ã—Ö –ø–∞–Ω–µ–ª–µ–π. –û—Å–≤–µ—â–µ–Ω–∏–µ —Ñ–∞—Å–∞–¥–∞ –ø–æ–¥—á–µ—Ä–∫–∏–≤–∞–µ—Ç –∞—Ä—Ö–∏—Ç–µ–∫—Ç—É—Ä—É –ñ–ö–í–∏—Ç—Ä–∞–∂–∏ –±–∞–ª–∫–æ–Ω–Ω—ã–µ - –º–µ—Ç–∞–ª–ª–æ–ø–ª–∞—Å—Ç–∏–∫–æ–≤—ã–µ –æ–∫–æ–Ω–Ω—ã–µ –±–ª–æ–∫–∏ —Å –¥–≤–æ–π–Ω—ã–º –æ—Å—Ç–µ–∫–ª–µ–Ω–∏–µ–º.–ë–ª–∞–≥–æ—É—Å—Ç—Ä–æ–π—Å—Ç–≤–æ–ü—Ä–∏–¥–æ–º–æ–≤–∞—è —Ç–µ—Ä—Ä–∏—Ç–æ—Ä–∏—è –±—É–¥–µ—Ç –±–ª–∞–≥–æ—É—Å—Ç—Ä–æ–µ–Ω–∞. –°–æ–≤—Ä–µ–º–µ–Ω–Ω—ã–π –ª–∞–Ω–¥—à–∞—Ñ—Ç–Ω—ã–π –¥–∏–∑–∞–π–Ω, –∑–∞–∫—Ä—ã—Ç—ã–π –¥–≤–æ—Ä, —Å —É–ª–∏—á–Ω—ã–º –≤–∏–¥–µ–æ–Ω–∞–±–ª—é–¥–µ–Ω–∏–µ–º, –¥–µ—Ç—Å–∫–∞—è –ø–ª–æ—â–∞–¥–∫–∞, work out –∑–æ–Ω–∞. –û–∑–µ–ª–µ–Ω–µ–Ω–∏—é –ø–æ–¥–ª–µ–∂–∏—Ç —Å–µ–º—å–¥–µ—Å—è—Ç –ø—Ä–æ—Ü–µ–Ω—Ç–æ–≤ –ø–ª–æ—â–∞–¥–µ–π —É—á–∞—Å—Ç–∫–∞. –ó–¥–µ—Å—å –ø–æ—è–≤—è—Ç—Å—è –∫–ª—É–º–±—ã, —Ü–≤–µ—Ç–Ω–∏–∫–∏, –ª—É–∂–∞–π–∫–∏. –ó–∞–ø—Ä–æ–µ–∫—Ç–∏—Ä–æ–≤–∞–Ω—ã –∫–æ–≤–æ—Ä–∫–∏–Ω–≥ –∏ –∑–æ–Ω–∞ –¥–ª—è –ø—Ä–æ–º–µ–Ω–∞–¥–∞. –ñ–ö ¬´AIVA¬ª —Ä–∞—Å–ø–æ–ª–æ–∂–µ–Ω —Ä—è–¥–æ–º —Å –Ω–µ–æ–±—Ö–æ–¥–∏–º—ã–º–∏ –æ–±—ä–µ–∫—Ç–∞–º–∏ —Å–æ—Ü–∏–∞–ª—å–Ω–æ–π –∏–Ω—Ñ—Ä–∞—Å—Ç—Ä—É–∫—Ç—É—Ä—ã. –í –ø–µ—à–µ–π –¥–æ—Å—Ç—É–ø–Ω–æ—Å—Ç–∏ –±—É–¥—É—Ç —Ä–∞—Å–ø–æ–ª–∞–≥–∞—Ç—å—Å—è - —à–∫–æ–ª–∞, –¥–µ—Ç—Å–∫–∏–π —Å–∞–¥, —Å–ø–æ—Ä—Ç–∫–æ–º–ø–ª–µ–∫—Å, –º–∞–≥–∞–∑–∏–Ω—ã. –ù–∞–ø—Ä–æ—Ç–∏–≤ —Ç–æ—Ä–≥–æ–≤–æ-—Ä–∞–∑–≤–ª–µ–∫–∞—Ç–µ–ª—å–Ω—ã–π —Ü–µ–Ω—Ç—Ä –æ—Ç–∫—Ä—ã—Ç–∏–µ –≤ 2024 –≥.",–ê—Å—Ç–∞–Ω–∞,2023,,104.24 –º¬≤,
41,689393958,"1-–∫–æ–º–Ω–∞—Ç–Ω–∞—è –∫–≤–∞—Ä—Ç–∏—Ä–∞, 40.41 –º¬≤, 1/9 —ç—Ç–∞–∂, –ñ—É—Ä–≥–µ–Ω–æ–≤–∞ 19 ‚Äî –ñ—É—Ä–≥–µ–Ω–æ–≤–∞, –ê,–ë–∞–π—Ç—É—Ä—Å—ã–Ω“±–ª—ã, –ñ .–ù–∞–∂–º–∏–¥–µ–Ω–æ–≤–∞",17 500 000„Äí,"–ü–ª–∞—Å—Ç–∏–∫–æ–≤—ã–µ –æ–∫–Ω–∞, —É–ª—É—á—à–µ–Ω–Ω–∞—è, –Ω–æ–≤–∞—è —Å–∞–Ω—Ç–µ—Ö–Ω–∏–∫–∞, —Ç–∏—Ö–∏–π –¥–≤–æ—Ä.–ñ–∏–ª–æ–π –∫–æ–º–ø–ª–µ–∫—Å Kerey ‚Äì —Å–æ–≤—Ä–µ–º–µ–Ω–Ω–∞—è –Ω–æ–≤–æ—Å—Ç—Ä–æ–π–∫–∞ —ç–∫–æ–Ω–æ–º-–∫–ª–∞—Å—Å–∞. –í —Ä–∞–π–æ–Ω–µ —Å –æ—Ç–ª–∏—á–Ω–æ–π —Ç—Ä–∞–Ω—Å–ø–æ—Ä—Ç–Ω–æ–π –¥–æ—Å—Ç—É–ø–Ω–æ—Å—Ç—å—é –∏ —Ä–∞–∑–≤–∏—Ç–æ–π –∏–Ω—Ñ—Ä–∞—Å—Ç—Ä—É–∫—Ç—É—Ä–æ–π. –ñ–∏–ª—å–µ –æ—Ç–ª–∏—á–∞–µ—Ç—Å—è –¥–æ—Å—Ç—É–ø–Ω–æ–π —Å—Ç–æ–∏–º–æ—Å—Ç—å—é.    –ö–≤–∞—Ä—Ç–∏—Ä–∞ —Å —Ä–µ–º–æ–Ω—Ç–æ–º, —Å –º–µ–±–µ–ª—å—é.  –ü–ª–∞–Ω–∏—Ä–æ–≤–∫–∞ –æ—Ç–ª–∏—á–Ω–∞—è: –∫—É—Ö–Ω—è –æ—Ç–¥–µ–ª—å–Ω–æ, –∑–∞–ª –ø—Ä–æ—Å—Ç–æ—Ä–Ω—ã–π, –∏–º–µ–µ—Ç—Å—è –ª–æ–¥–∂–∏—è.  –ö—Ä–∞—Å–∏–≤–∞—è –≤—Ö–æ–¥–Ω–∞—è –≥—Ä—É–ø–ø–∞.  –î–æ–º –∫–∏—Ä–ø–∏—á–Ω—ã–π, —Ç–µ–ø–ª—ã–π, —Ö–æ—Ä–æ—à–∞—è —à—É–º–æ–∏–∑–æ–ª—è—Ü–∏—è.  –õ–æ–∫–∞—Ü–∏—è –¥–æ–º–∞ –æ—Ç–ª–∏—á–Ω–æ–µ:—Ä—è–¥–æ–º —à–∫–æ–ª–∞-–≥–∏–º–Ω–∞–∑–∏—è 86, —Å–∞–¥–∏–∫ 66- –¢–æ–ª–∞–≥–∞–π, —à–∫–æ–ª–∞ –ë–∏–Ω–æ–º, —Å–º–æ–ª–ª, –º–∞–≥–Ω—É–º –≤—Å–µ –≤ —à–∞–≥–æ–≤–æ–π –¥–æ—Å—Ç—É–ø–Ω–æ—Å—Ç–∏, –Ω–µ –¥–∞–ª–µ–∫–æ –≤–æ–∫–∑–∞–ª –ù—É—Ä–ª—ã –∂–æ–ª, –∞–ª–µ—è –ú—ã–Ω–∂—ã–ª–¥—ã–∫.  –ü–µ—Ä–≤—ã–π —ç—Ç–∞–∂ –≤—ã—Å–æ–∫–∏–π.  –î–æ–∫—É–º–µ–Ω—Ç—ã –î–î–£.",–ê—Å—Ç–∞–Ω–∞,2023,1 –∏–∑ 9,40.41 –º¬≤,—Ö–æ—Ä–æ—à–µ–µ
42,682022324,"2-–∫–æ–º–Ω–∞—Ç–Ω–∞—è –∫–≤–∞—Ä—Ç–∏—Ä–∞, 62.3 –º¬≤, –ï-344",,"–ì–æ—Ç–æ–≤—ã–µ –∫–≤–∞—Ä—Ç–∏—Ä—ã —Å –¥–æ–∫—É–º–µ–Ω—Ç–∞–º–∏, —Å–¥–∞–Ω–Ω—ã–µ –≤ —ç–∫—Å–ø–ª—É–∞—Ç–∞—Ü–∏—é!‚ö°–°—É–ø–µ—Ä –∞–∫—Ü–∏—è!‚ö°–õ–∏–º–∏—Ç 17 –∫–≤–∞—Ä—Ç–∏—Ä –ø–æ —Å–Ω–∏–∂–µ–Ω–Ω–æ–π —Ü–µ–Ω–µ;–ú–∞–ª–æ–∫–≤–∞—Ä—Ç–∏—Ä–Ω—ã–π –¥–æ–º, –∑–∞—Å–µ–ª—ë–Ω–Ω–æ—Å—Ç—å –±–æ–ª–µ–µ 70%;–í—ã–±–æ—Ä –ø–ª–∞–Ω–∏—Ä–æ–≤–æ–∫ –∫–≤–∞—Ä—Ç–∏—Ä—ã –Ω–µ ¬´—Å –ª–∏—Å—Ç–∞¬ª, –∞ ¬´–≤–∂–∏–≤—É—é¬ª –Ω–∞ –æ–±—ä–µ–∫—Ç–µ;–ë–ª–∞–≥–æ–ø—Ä–∏—è—Ç–Ω–æ–µ —Å–æ—Å–µ–¥—Å—Ç–≤–æ —Å —Å–æ–±—Å—Ç–≤–µ–Ω–Ω–∏–∫–∞–º–∏ –∫–≤–∞—Ä—Ç–∏—Ä;–ö–æ–º—Ñ–æ—Ä—Ç + –∫–ª–∞—Å—Å, –∏–Ω–¥–∏–≤–∏–¥—É–∞–ª—å–Ω—ã–µ –≥–∞—Ä–∞–∂–Ω—ã–µ –±–ª–æ–∫–∏.–ò–ø–æ—Ç–µ–∫–∞ –æ—Ç –∑–∞—Å—Ç—Ä–æ–π—â–∏–∫–∞:–ü–µ—Ä–≤–æ–Ω–∞—á–∞–ª—å–Ω—ã–π –≤–∑–Ω–æ—Å - 20% –æ—Ç —Å—Ç–æ–∏–º–æ—Å—Ç–∏ –∂–∏–ª—å—è!–û—Ñ–æ—Ä–º–ª–µ–Ω–∏–µ —á–µ—Ä–µ–∑ –ë–¶–ö –±–∞–Ω–∫, Halyk bank ¬†‚Äì —Å–Ω–∏–∂–µ–Ω–Ω–∞—è —Å—Ç–∞–≤–∫–∞ –ø–æ –∏–ø–æ—Ç–µ–∫–µ 14,5%–û—Ç–±–∞—Å—ã –±–∞–Ω–∫ ‚Äì –æ—Ç 8,5% –¥–ª—è –∑–∞—Å—Ç—Ä–æ–π—â–∏–∫–æ–≤.–ü–æ–ª—É—á–µ–Ω–∏–µ –∫–ª—é—á–µ–π –æ—Ç –∫–≤–∞—Ä—Ç–∏—Ä—ã –ø–æ—Å–ª–µ –æ—Ñ–æ—Ä–º–ª–µ–Ω–∏—è —Å—Ä–∞–∑—É –∂–µ, –Ω–µ –¥–æ–∂–∏–¥–∞—è—Å—å —Ä–µ–≥–∏—Å—Ç—Ä–∞—Ü–∏–∏!–í—ã–±–æ—Ä –∫–≤–∞—Ä—Ç–∏—Ä—ã –∏ –∑–∞–∫–ª—é—á–µ–Ω–∏–µ –¥–æ–≥–æ–≤–æ—Ä–∞ –∫—É–ø–ª–∏-–ø—Ä–æ–¥–∞–∂–∏ –∑–∞ 1 –¥–µ–Ω—å!–ü–æ—à–∞–≥–æ–≤–∞—è –ø–æ–º–æ—â—å –≤ —Å–æ–ø—Ä–æ–≤–æ–∂–¥–µ–Ω–∏–∏ –∏–ø–æ—Ç–µ–∫–∏ –±–µ–∑ –ª–∏—à–Ω–∏—Ö –¥–µ–π—Å—Ç–≤–∏–π.–û—Å—Ç–∞–ª–æ—Å—å —Å–æ–≤—Å–µ–º –Ω–µ–º–Ω–æ–≥–æ –∫–≤–∞—Ä—Ç–∏—Ä!–ü—Ä–µ–∏–º—É—â–µ—Å—Ç–≤–∞:üí• –ò–¥–µ–∞–ª—å–Ω–æ–µ –∂–∏–ª—å–µ –¥–ª—è —Å–µ–º–µ–π–Ω–æ–π –∂–∏–∑–Ω–∏ ‚Äì –∑–∞–∫—Ä—ã—Ç—ã–π –¥–≤–æ—Ä, –º–∞–ª–æ–∫–≤–∞—Ä—Ç–∏—Ä–Ω—ã–µ –¥–æ–º–∞, —É–¥–∞–ª–µ–Ω–Ω—ã–µ –æ—Ç —à—É–º–∞ –¥–æ—Ä–æ–≥;üí• –ï–≤—Ä–æ–ø–µ–π—Å–∫–∏–π –∞—Ä—Ö–∏—Ç–µ–∫—Ç—É—Ä–Ω—ã–π —Å—Ç–∏–ª—å –∏ –ø–ª–∞–Ω–∏—Ä–æ–≤–æ—á–Ω—ã–µ —Ä–µ—à–µ–Ω–∏—è –∫–≤–∞—Ä—Ç–∏—Ä;üí• –ë–ª–∞–≥–æ—É—Å—Ç—Ä–æ–µ–Ω–Ω—ã–π –¥–≤–æ—Ä, –±–µ–∑–æ–ø–∞—Å–Ω–∞—è –ø—Ä–∏–ª–µ–≥–∞—é—â–∞—è —Ç–µ—Ä—Ä–∏—Ç–æ—Ä–∏—è;üí• –†–∞—Å–ø–æ–ª–æ–∂–µ–Ω–∏–µ –≤ –ø—Ä–µ–∫—Ä–∞—Å–Ω–æ–π –∑–µ–ª—ë–Ω–æ–π —á–∞—Å—Ç–∏ —Å—Ç–æ–ª–∏—Ü—ã, –≤–±–ª–∏–∑–∏ –ª–µ—Å–æ–ø–æ—Å–∞–¥–∫–∏ ¬´–ê—Å—Ç–∞–Ω–∞ –û—Ä–º–∞–Ω—ã¬ª;üí• –ü—Ä–æ–≤–æ–∂–¥–µ–Ω–∏–µ –≤—Ä–µ–º–µ–Ω–∏ –Ω–∞ —Å–≤–µ–∂–µ–º –≤–æ–∑–¥—É—Ö–µ –≤—ã—à–µ –Ω–∞ 50%, —á–µ–º –≤ –≥—É—Å—Ç–æ–Ω–∞—Å–µ–ª–µ–Ω–Ω—ã—Ö –ñ–ö;üí• –ò–Ω–¥–∏–≤–∏–¥—É–∞–ª—å–Ω—ã–µ –ì–∞—Ä–∞–∂–Ω—ã–µ –±–ª–æ–∫–∏.–ú–µ—Å—Ç–æ–ø–æ–ª–æ–∂–µ–Ω–∏–µ–ñ–∏–ª–æ–π –∫–æ–º–ø–ª–µ–∫—Å ¬´GOLD LAND¬ª ‚Äì —ç—Ç–æ –Ω–æ–≤—ã–π –µ–≤—Ä–æ–ø–µ–π—Å–∫–∏–π –ø—Ä–æ–µ–∫—Ç –Ω–∞ –ª–µ–≤–æ–±–µ—Ä–µ–∂—å–µ –≥–æ—Ä–æ–¥–∞ –ê—Å—Ç–∞–Ω–∞, —Ä–∞—Å–ø–æ–ª–æ–∂–µ–Ω –≤ –æ—Ç–ª–∏—á–Ω–æ–º —Ä–∞–π–æ–Ω–µ Expo –∏ –ì–ª–∞–≤–Ω–æ–π –º–µ—á–µ—Ç–∏, –≤–±–ª–∏–∑–∏ –®–∫–æ–ª—ã-–ª–∏—Ü–µ—è ‚Ññ88 –ø–æ —É–ª–∏—Ü–µ –ï-344.–ë–ª–∞–≥–æ—É—Å—Ç—Ä–æ–π—Å—Ç–≤–æ –¥–≤–æ—Ä–∞–î–≤–æ—Ä –ñ–ö ¬´GOLD LAND¬ª–æ–±—Ä–∞–∑–æ–≤–∞–Ω —á–µ—Ç—ã—Ä—å–º—è —Ç–æ—á–µ—á–Ω—ã–º–∏ –∑–¥–∞–Ω–∏—è–º–∏ –∏ –æ—Å–Ω–∞—â—ë–Ω:–¥–µ—Ç—Å–∫–∏–º –∏–≥—Ä–æ–≤—ã–º –∫–æ–º–ø–ª–µ–∫—Å–æ–º;—Å–ø–æ—Ä—Ç–∏–≤–Ω–æ–π –ø–ª–æ—â–∞–¥–∫–æ–π work out;–∑–æ–Ω–∞–º–∏ –¥–ª—è —Å–µ–º–µ–π–Ω–æ–≥–æ –∏ –¥—Ä—É–∂–µ—Å–∫–æ–≥–æ –æ—Ç–¥—ã—Ö–∞;–±–µ–∑–æ–ø–∞—Å–Ω—ã–º–∏ –ø–µ—à–µ—Ö–æ–¥–Ω—ã–º–∏ –¥–æ—Ä–æ–∂–∫–∞–º–∏;—É–¥–æ–±–Ω—ã–º–∏ –∞–≤—Ç–æ–º–æ–±–∏–ª—å–Ω—ã–º–∏ –ø—Ä–æ–µ–∑–¥–∞–º–∏;—É–ª–∏—á–Ω—ã–º –æ—Å–≤–µ—â–µ–Ω–∏–µ–º.–†–∞–±–æ—Ç–∞–µ—Ç –∫—Ä—É–≥–ª–æ—Å—É—Ç–æ—á–Ω–æ–µ –≤–∏–¥–µ–æ–Ω–∞–±–ª—é–¥–µ–Ω–∏–µ, –∫–∞–º–µ—Ä—ã —É—Å—Ç–∞–Ω–æ–≤–ª–µ–Ω—ã –ø–æ –ø–µ—Ä–∏–º–µ—Ç—Ä—É –≤–Ω—É—Ç—Ä–µ–Ω–Ω–µ–π —Ç–µ—Ä—Ä–∏—Ç–æ—Ä–∏–∏ –∏ –≤–æ –≤—Å–µ—Ö –º–µ—Å—Ç–∞—Ö –æ–±—â–µ–≥–æ –ø–æ–ª—å–∑–æ–≤–∞–Ω–∏—è. –ù–µ—Å–∞–Ω–∫—Ü–∏–æ–Ω–∏—Ä–æ–≤–∞–Ω–Ω—ã–π –¥–æ—Å—Ç—É–ø –ø–æ—Å—Ç–æ—Ä–æ–Ω–Ω–∏—Ö –≤–æ –¥–≤–æ—Ä –∏–ª–∏ –≤ –∑–¥–∞–Ω–∏—è –ø—Ä–∞–∫—Ç–∏—á–µ—Å–∫–∏ –Ω–µ–≤–æ–∑–º–æ–∂–µ–Ω. –ñ–∏—Ç—å –∑–¥–µ—Å—å ‚Äì —Å–æ–≤–µ—Ä—à–µ–Ω–Ω–æ –±–µ–∑–æ–ø–∞—Å–Ω–æ.–ò–Ω—Ñ—Ä–∞—Å—Ç—Ä—É–∫—Ç—É—Ä–∞:–í–±–ª–∏–∑–∏ —à–∫–æ–ª–∞‚Äì–ª–∏—Ü–µ–π ‚Ññ88 ‚Äì 2 –º–∏–Ω.;–®–∫–æ–ª–∞ Binom –∏–º. –ê. –ö–µ–∫–∏–ª—å–±–∞–µ–≤–∞–î–µ—Ç—Å–∫–∏–π —Å–∞–¥ –ù–ò–®‚Äì 2 –º–∏–Ω.;–ë–æ–ª—å–Ω–∏—Ü–∞ –£–ø—Ä–∞–≤–ª–µ–Ω–∏—è –î–µ–ª–∞–º–∏ –ü—Ä–µ–∑–∏–¥–µ–Ω—Ç–∞ –†–ö ‚Äì 10 –º–∏–Ω.;–ù–æ–≤–∞—è –ì–ª–∞–≤–Ω–∞—è –ú–µ—á–µ—Ç—å ‚Äì 8 –º–∏–Ω.;–≠–∫—Å–ø–æ ¬´–ù“±—Ä‚Äì”ò–ª–µ–º¬ª ‚Äì 13 –º–∏–Ω.;–ü—Ä. –ú”ô“£–≥—ñ–ª—ñ–∫ –ï–ª (–¢—Ä–∏—É–º—Ñ–∞–ª—å–Ω–∞—è –ê—Ä–∫–∞) ‚Äì 15 –º–∏–Ω.;Family Village ‚Äì 5 –º–∏–Ω.",–ê—Å—Ç–∞–Ω–∞,2022,,62.3 –º¬≤,
43,687924747,"2-–∫–æ–º–Ω–∞—Ç–Ω–∞—è –∫–≤–∞—Ä—Ç–∏—Ä–∞, 68.3 –º¬≤, 3/9 —ç—Ç–∞–∂, –ú–∞–ª–∏–∫–∞ –ì–∞–±–¥—É–ª–ª–∏–Ω–∞ 12/2 ‚Äî –ò–º–∞–Ω–æ–≤–∞ - –ò–º–∞–Ω–±–∞–µ–≤–æ–π",39 000 000„Äí,"–ü–ª–∞—Å—Ç–∏–∫–æ–≤—ã–µ –æ–∫–Ω–∞, –∫–æ–º–Ω–∞—Ç—ã –∏–∑–æ–ª–∏—Ä–æ–≤–∞–Ω—ã, –≤—Å—Ç—Ä–æ–µ–Ω–Ω–∞—è –∫—É—Ö–Ω—è, —Ç–∏—Ö–∏–π –¥–≤–æ—Ä.–ü—Ä–æ–¥–∞–º 2-–∫–æ–º–Ω–∞—Ç–Ω—É—é –∫–≤–∞—Ä—Ç–∏—Ä—É –≤ –∫–∏—Ä–ø–∏—á–Ω–æ–º –¥–æ–º–µ 3(9), –ñ–ö –ê–π—è –∑–æ–ª–æ—Ç–æ–π –∫–≤–∞–¥—Ä–∞—Ç, —Å –º–µ–±–µ–ª—å—é. –ú–µ–±–µ–ª—å –≤ –æ—Ç–ª–∏—á–Ω–æ–º —Å–æ—Å—Ç–æ—è–Ω–∏–∏. –ò–º–µ–µ—Ç—Å—è –ª–∏—á–Ω–∞—è –∫–ª–∞–¥–æ–≤–∫–∞ –Ω–∞ –ª–µ—Å—Ç–Ω–∏—á–Ω–æ–π –ø–ª–æ—â–∞–¥–∫–µ. –ù–∞–±–µ—Ä–µ–∂–Ω–∞—è 10-12 –º–∏–Ω—É—Ç —Ö–æ–¥—å–±—ã –æ—Ç –¥–æ–º–∞. –†—è–¥–æ–º —Å –¥–æ–º–æ–º –ú–∞–≥–Ω—É–º, –¶–û–ù, –±–∞–Ω–∫–∏, –∞–ø—Ç–µ–∫–∏. –¶–µ–Ω–∞ 39000000 —Ç–µ–Ω–≥–µ. –¢–æ—Ä–≥ —É–º–µ—Å—Ç–µ–Ω  –°—É–ø–µ—Ä —Ä–∞–π–æ–Ω  –ó–æ–ª–æ—Ç–æ–π –∫–≤–∞–¥—Ä–∞—Ç  –í—Å–µ –≤ —à–∞–≥–æ–≤–æ–π –¥–æ—Å—Ç—É–ø–Ω–æ—Å—Ç–∏    –û—Ç–ª–∏—á–Ω–∞—è 2-—Ö –∫–æ–º–Ω–∞—Ç–Ω–∞—è  –†–∞—Å–ø–∞—à–æ–Ω–∫–∞, 7 —ç—Ç–∞–∂ –∏–∑ 9  –¢–∏—à–∏–Ω–∞, —Å–ø–æ–∫–æ–π—Å—Ç–≤–∏–µ  –õ–µ—Ç–æ–º —Å–ª—ã—à–Ω–æ –∫–∞–∫ –ø–æ—é—Ç –ø—Ç–∏—Ü—ã –ø–æ —É—Ç—Ä–∞–º) –î–æ–º –æ—á–µ–Ω—å –¥–æ–±—Ä–æ—Ç–Ω—ã–π, –∫–∏—Ä–ø–∏—á–Ω—ã–π  –î–≤–æ—Ä –∑–∞–∫—Ä—ã—Ç, –≤—ä–µ–∑–¥ –ø–æ –ø—Ä–æ–ø—É—Å–∫–∞–º    –∫–≤–∞—Ä—Ç–∏—Ä–∞ –ø—Ä–æ–¥–∞–µ—Ç—Å—è —Å –º–µ–±–µ–ª—å—é  –ü–æ–∫—É–ø–∞–π—Ç–µ, –∑–∞–µ–∑–∂–∞–π—Ç–µ –∏ –∂–∏–≤–∏—Ç–µ!    –í–æ –¥–≤–æ—Ä–µ –µ—Å—Ç—å –∞–±—Å–æ–ª—é—Ç–Ω–æ –≤—Å–µ –¥–ª—è  –¥–µ—Ç–µ–π –∏ –≤–∑—Ä–æ—Å–ª—ã—Ö",–ê—Å—Ç–∞–Ω–∞,2015,3 –∏–∑ 9,68.3 –º¬≤,—Ö–æ—Ä–æ—à–µ–µ
